dataset,#trainingRelease,%training,%defectiveInTraining,%defectiveInTesting,classifier,balancing,featureSelection,TP,FP,TN,FN,precision,recall,ROC_Area,kappa
Avro,1,1.1605647392570972,0.0,0.0,randomForest,noSampling,noFeatureSel,0.0,0.0,68.0,0.0,1.0,1.0,NaN,1.0
Avro,2,1.9741564989089966,0.0,0.0,randomForest,noSampling,noFeatureSel,0.0,0.0,415.0,0.0,1.0,1.0,NaN,1.0
Avro,3,6.939458847045898,0.0,0.0,randomForest,noSampling,noFeatureSel,0.0,0.0,158.0,0.0,1.0,1.0,NaN,1.0
Avro,4,8.829863369464874,0.0,0.0,randomForest,noSampling,noFeatureSel,0.0,0.0,160.0,0.0,1.0,1.0,NaN,1.0
Avro,5,10.74419692158699,0.0,0.0,randomForest,noSampling,noFeatureSel,0.0,0.0,171.0,0.0,1.0,1.0,NaN,1.0
Avro,6,12.790140509605408,0.0,0.0,randomForest,noSampling,noFeatureSel,0.0,0.0,241.0,0.0,1.0,1.0,NaN,1.0
Avro,7,15.673606097698212,0.0,0.0,randomForest,noSampling,noFeatureSel,0.0,0.0,239.0,0.0,1.0,1.0,NaN,1.0
Avro,8,18.533141911029816,0.0,0.37878789007663727,randomForest,noSampling,noFeatureSel,0.0,0.0,789.0,3.0,NaN,0.9962121212121212,0.5,0.0
Avro,9,28.009092807769775,0.1281503587961197,0.3717472078278661,randomForest,noSampling,noFeatureSel,1.0,2.0,266.0,0.0,0.9975216852540272,0.9925650557620818,1.0,0.4971962616822417
Avro,10,31.22756779193878,0.15325670829042792,0.716845877468586,randomForest,noSampling,noFeatureSel,1.0,0.0,277.0,1.0,0.9964286635207963,0.996415770609319,0.9882671480144405,0.6650660264105596
Avro,11,34.56568419933319,0.2076843287795782,0.6872852332890034,randomForest,noSampling,noFeatureSel,2.0,0.0,289.0,0.0,1.0,1.0,1.0,1.0
Avro,12,38.0473792552948,0.2515723230317235,0.6872852332890034,randomForest,noSampling,noFeatureSel,0.0,0.0,289.0,2.0,NaN,0.993127147766323,1.0,0.0
Avro,13,41.52907431125641,0.2881014021113515,0.6369426846504211,randomForest,noSampling,noFeatureSel,2.0,0.0,312.0,0.0,1.0,1.0,1.0,1.0
Avro,14,45.28595209121704,0.317040947265923,0.31847134232521057,randomForest,noSampling,noFeatureSel,1.0,1.0,312.0,0.0,0.9984076433121019,0.9968152866242038,0.9968051118210862,0.6652452025586342
Avro,15,49.04283285140991,0.31715051736682653,0.3174603218212724,randomForest,noSampling,noFeatureSel,1.0,1.0,313.0,0.0,0.9984126984126984,0.9968253968253968,1.0,0.6652497343251865
Avro,16,52.811676263809204,0.31717263627797365,0.31347961630672216,randomForest,noSampling,noFeatureSel,1.0,0.0,318.0,0.0,1.0,1.0,1.0,1.0
Avro,17,56.628382205963135,0.3169237170368433,0.5361930467188358,randomForest,noSampling,noFeatureSel,1.0,0.0,371.0,1.0,0.9973262417481046,0.9973190348525469,0.6738544474393531,0.6654708520179381
Avro,18,61.09117269515991,0.3329416271299124,0.5319148767739534,randomForest,noSampling,noFeatureSel,1.0,0.0,374.0,1.0,0.9973475177304963,0.9973404255319149,0.9986631016042781,0.6654804270462703
Avro,19,65.58985114097595,0.3465888323262334,0.4739336669445038,randomForest,noSampling,noFeatureSel,1.0,0.0,420.0,1.0,0.9976359604192231,0.9976303317535545,0.9988095238095237,0.6656101426307499
Avro,20,70.638906955719,0.35569106694310904,0.4662004765123129,randomForest,noSampling,noFeatureSel,1.0,0.0,427.0,1.0,0.9976744439361261,0.9976689976689976,0.9988290398126464,0.6656274356975789
Avro,21,75.77171325683594,0.3631770145148039,0.647948170080781,randomForest,noSampling,noFeatureSel,1.0,0.0,460.0,2.0,0.9956990453750713,0.9956803455723542,0.9855072463768116,0.4983748645720469
Avro,22,81.31132125854492,0.38257797714322805,0.6109979469329119,randomForest,noSampling,noFeatureSel,1.0,0.0,488.0,2.0,0.99594330603932,0.9959266802443992,1.0,0.49846782431052716
Avro,23,87.18593120574951,0.3979689907282591,1.7241379246115685,randomForest,noSampling,noFeatureSel,2.0,0.0,513.0,7.0,0.9867705570291777,0.9865900383141762,0.5806800952999783,0.3596214511041009
Avro,1,1.1605647392570972,0.0,0.0,naiveBayes,noSampling,noFeatureSel,0.0,0.0,68.0,0.0,1.0,1.0,NaN,1.0
Avro,2,1.9741564989089966,0.0,0.0,naiveBayes,noSampling,noFeatureSel,0.0,0.0,415.0,0.0,1.0,1.0,NaN,1.0
Avro,3,6.939458847045898,0.0,0.0,naiveBayes,noSampling,noFeatureSel,0.0,0.0,158.0,0.0,1.0,1.0,NaN,1.0
Avro,4,8.829863369464874,0.0,0.0,naiveBayes,noSampling,noFeatureSel,0.0,0.0,160.0,0.0,1.0,1.0,NaN,1.0
Avro,5,10.74419692158699,0.0,0.0,naiveBayes,noSampling,noFeatureSel,0.0,0.0,171.0,0.0,1.0,1.0,NaN,1.0
Avro,6,12.790140509605408,0.0,0.0,naiveBayes,noSampling,noFeatureSel,0.0,0.0,241.0,0.0,1.0,1.0,NaN,1.0
Avro,7,15.673606097698212,0.0,0.0,naiveBayes,noSampling,noFeatureSel,0.0,0.0,239.0,0.0,1.0,1.0,NaN,1.0
Avro,8,18.533141911029816,0.0,0.37878789007663727,naiveBayes,noSampling,noFeatureSel,0.0,0.0,789.0,3.0,NaN,0.9962121212121212,0.6514575411913816,0.0
Avro,9,28.009092807769775,0.1281503587961197,0.3717472078278661,naiveBayes,noSampling,noFeatureSel,0.0,0.0,268.0,1.0,NaN,0.9962825278810409,0.996268656716418,0.0
Avro,10,31.22756779193878,0.15325670829042792,0.716845877468586,naiveBayes,noSampling,noFeatureSel,0.0,0.0,277.0,2.0,NaN,0.992831541218638,0.990072202166065,0.0
Avro,11,34.56568419933319,0.2076843287795782,0.6872852332890034,naiveBayes,noSampling,noFeatureSel,0.0,0.0,289.0,2.0,NaN,0.993127147766323,1.0,0.0
Avro,12,38.0473792552948,0.2515723230317235,0.6872852332890034,naiveBayes,noSampling,noFeatureSel,0.0,0.0,289.0,2.0,NaN,0.993127147766323,1.0,0.0
Avro,13,41.52907431125641,0.2881014021113515,0.6369426846504211,naiveBayes,noSampling,noFeatureSel,0.0,0.0,312.0,2.0,NaN,0.9936305732484076,1.0,0.0
Avro,14,45.28595209121704,0.317040947265923,0.31847134232521057,naiveBayes,noSampling,noFeatureSel,0.0,0.0,313.0,1.0,NaN,0.9968152866242038,1.0,0.0
Avro,15,49.04283285140991,0.31715051736682653,0.3174603218212724,naiveBayes,noSampling,noFeatureSel,0.0,0.0,314.0,1.0,NaN,0.9968253968253968,1.0,0.0
Avro,16,52.811676263809204,0.31717263627797365,0.31347961630672216,naiveBayes,noSampling,noFeatureSel,0.0,4.0,314.0,1.0,0.9937005523212421,0.9843260188087775,0.9716981132075472,-0.005040957781979173
Avro,17,56.628382205963135,0.3169237170368433,0.5361930467188358,naiveBayes,noSampling,noFeatureSel,1.0,0.0,371.0,1.0,0.9973262417481046,0.9973190348525469,0.8551212938005391,0.6654708520179381
Avro,18,61.09117269515991,0.3329416271299124,0.5319148767739534,naiveBayes,noSampling,noFeatureSel,0.0,0.0,374.0,2.0,NaN,0.9946808510638298,0.8475935828877005,0.0
Avro,19,65.58985114097595,0.3465888323262334,0.4739336669445038,naiveBayes,noSampling,noFeatureSel,0.0,0.0,420.0,2.0,NaN,0.995260663507109,0.9404761904761906,0.0
Avro,20,70.638906955719,0.35569106694310904,0.4662004765123129,naiveBayes,noSampling,noFeatureSel,0.0,0.0,427.0,2.0,NaN,0.9953379953379954,0.9859484777517564,0.0
Avro,21,75.77171325683594,0.3631770145148039,0.647948170080781,naiveBayes,noSampling,noFeatureSel,0.0,0.0,460.0,3.0,NaN,0.9935205183585313,0.9630434782608696,0.0
Avro,22,81.31132125854492,0.38257797714322805,0.6109979469329119,naiveBayes,noSampling,noFeatureSel,1.0,29.0,459.0,2.0,0.9897817990642851,0.9368635437881874,0.869535519125683,0.0500530487424327
Avro,23,87.18593120574951,0.3979689907282591,1.7241379246115685,naiveBayes,noSampling,noFeatureSel,1.0,31.0,482.0,8.0,0.9672523750879662,0.9252873563218391,0.6158798443533269,0.02247191011236063
Avro,1,1.1605647392570972,0.0,0.0,ibk,noSampling,noFeatureSel,0.0,0.0,68.0,0.0,1.0,1.0,NaN,1.0
Avro,2,1.9741564989089966,0.0,0.0,ibk,noSampling,noFeatureSel,0.0,0.0,415.0,0.0,1.0,1.0,NaN,1.0
Avro,3,6.939458847045898,0.0,0.0,ibk,noSampling,noFeatureSel,0.0,0.0,158.0,0.0,1.0,1.0,NaN,1.0
Avro,4,8.829863369464874,0.0,0.0,ibk,noSampling,noFeatureSel,0.0,0.0,160.0,0.0,1.0,1.0,NaN,1.0
Avro,5,10.74419692158699,0.0,0.0,ibk,noSampling,noFeatureSel,0.0,0.0,171.0,0.0,1.0,1.0,NaN,1.0
Avro,6,12.790140509605408,0.0,0.0,ibk,noSampling,noFeatureSel,0.0,0.0,241.0,0.0,1.0,1.0,NaN,1.0
Avro,7,15.673606097698212,0.0,0.0,ibk,noSampling,noFeatureSel,0.0,0.0,239.0,0.0,1.0,1.0,NaN,1.0
Avro,8,18.533141911029816,0.0,0.37878789007663727,ibk,noSampling,noFeatureSel,0.0,0.0,789.0,3.0,NaN,0.9962121212121212,0.3485424588086185,0.0
Avro,9,28.009092807769775,0.1281503587961197,0.3717472078278661,ibk,noSampling,noFeatureSel,1.0,2.0,266.0,0.0,0.9975216852540272,0.9925650557620818,0.996268656716418,0.4971962616822417
Avro,10,31.22756779193878,0.15325670829042792,0.716845877468586,ibk,noSampling,noFeatureSel,1.0,0.0,277.0,1.0,0.9964286635207963,0.996415770609319,0.9882671480144405,0.6650660264105596
Avro,11,34.56568419933319,0.2076843287795782,0.6872852332890034,ibk,noSampling,noFeatureSel,2.0,0.0,289.0,0.0,1.0,1.0,1.0,1.0
Avro,12,38.0473792552948,0.2515723230317235,0.6872852332890034,ibk,noSampling,noFeatureSel,0.0,0.0,289.0,2.0,NaN,0.993127147766323,0.029411764705882353,0.0
Avro,13,41.52907431125641,0.2881014021113515,0.6369426846504211,ibk,noSampling,noFeatureSel,2.0,0.0,312.0,0.0,1.0,1.0,1.0,1.0
Avro,14,45.28595209121704,0.317040947265923,0.31847134232521057,ibk,noSampling,noFeatureSel,1.0,1.0,312.0,0.0,0.9984076433121019,0.9968152866242038,0.9984025559105432,0.6652452025586342
Avro,15,49.04283285140991,0.31715051736682653,0.3174603218212724,ibk,noSampling,noFeatureSel,1.0,1.0,313.0,0.0,0.9984126984126984,0.9968253968253968,1.0,0.6652497343251865
Avro,16,52.811676263809204,0.31717263627797365,0.31347961630672216,ibk,noSampling,noFeatureSel,1.0,0.0,318.0,0.0,1.0,1.0,1.0,1.0
Avro,17,56.628382205963135,0.3169237170368433,0.5361930467188358,ibk,noSampling,noFeatureSel,1.0,0.0,371.0,1.0,0.9973262417481046,0.9973190348525469,0.8463611859838275,0.6654708520179381
Avro,18,61.09117269515991,0.3329416271299124,0.5319148767739534,ibk,noSampling,noFeatureSel,1.0,0.0,374.0,1.0,0.9973475177304963,0.9973404255319149,0.9986631016042781,0.6654804270462703
Avro,19,65.58985114097595,0.3465888323262334,0.4739336669445038,ibk,noSampling,noFeatureSel,1.0,0.0,420.0,1.0,0.9976359604192231,0.9976303317535545,0.9988095238095237,0.6656101426307499
Avro,20,70.638906955719,0.35569106694310904,0.4662004765123129,ibk,noSampling,noFeatureSel,1.0,0.0,427.0,1.0,0.9976744439361261,0.9976689976689976,0.9988290398126464,0.6656274356975789
Avro,21,75.77171325683594,0.3631770145148039,0.647948170080781,ibk,noSampling,noFeatureSel,1.0,0.0,460.0,2.0,0.9956990453750713,0.9956803455723542,0.9855072463768116,0.4983748645720469
Avro,22,81.31132125854492,0.38257797714322805,0.6109979469329119,ibk,noSampling,noFeatureSel,1.0,0.0,488.0,2.0,0.99594330603932,0.9959266802443992,0.9665300546448088,0.49846782431052716
Avro,23,87.18593120574951,0.3979689907282591,1.7241379246115685,ibk,noSampling,noFeatureSel,1.0,0.0,513.0,8.0,0.984909656496128,0.9846743295019157,0.6124106562703054,0.19723183391003205
Avro,1,1.1605647392570972,0.0,0.0,randomForest,oversampling,noFeatureSel,0.0,0.0,68.0,0.0,1.0,1.0,NaN,1.0
Avro,2,1.9741564989089966,0.0,0.0,randomForest,oversampling,noFeatureSel,0.0,0.0,415.0,0.0,1.0,1.0,NaN,1.0
Avro,3,6.939458847045898,0.0,0.0,randomForest,oversampling,noFeatureSel,0.0,0.0,158.0,0.0,1.0,1.0,NaN,1.0
Avro,4,8.829863369464874,0.0,0.0,randomForest,oversampling,noFeatureSel,0.0,0.0,160.0,0.0,1.0,1.0,NaN,1.0
Avro,5,10.74419692158699,0.0,0.0,randomForest,oversampling,noFeatureSel,0.0,0.0,171.0,0.0,1.0,1.0,NaN,1.0
Avro,6,12.790140509605408,0.0,0.0,randomForest,oversampling,noFeatureSel,0.0,0.0,241.0,0.0,1.0,1.0,NaN,1.0
Avro,7,15.673606097698212,0.0,0.0,randomForest,oversampling,noFeatureSel,0.0,0.0,239.0,0.0,1.0,1.0,NaN,1.0
Avro,8,18.533141911029816,0.0,0.37878789007663727,randomForest,oversampling,noFeatureSel,0.0,0.0,789.0,3.0,NaN,0.9962121212121212,0.5,0.0
Avro,9,28.009092807769775,0.1281503587961197,0.3717472078278661,randomForest,oversampling,noFeatureSel,0.0,16.0,252.0,1.0,0.9923446522767682,0.9368029739776952,0.9328358208955224,-0.007046905967848238
Avro,10,31.22756779193878,0.15325670829042792,0.716845877468586,randomForest,oversampling,noFeatureSel,2.0,12.0,265.0,0.0,0.9938556067588326,0.956989247311828,0.9837545126353792,0.24047186932849446
Avro,11,34.56568419933319,0.2076843287795782,0.6872852332890034,randomForest,oversampling,noFeatureSel,2.0,2.0,287.0,0.0,0.9965635738831615,0.993127147766323,0.9965397923875433,0.6635838150289024
Avro,12,38.0473792552948,0.2515723230317235,0.6872852332890034,randomForest,oversampling,noFeatureSel,0.0,0.0,289.0,2.0,NaN,0.993127147766323,1.0,0.0
Avro,13,41.52907431125641,0.2881014021113515,0.6369426846504211,randomForest,oversampling,noFeatureSel,2.0,22.0,290.0,0.0,0.9941613588110404,0.9299363057324841,1.0,0.14377788795240498
Avro,14,45.28595209121704,0.317040947265923,0.31847134232521057,randomForest,oversampling,noFeatureSel,1.0,1.0,312.0,0.0,0.9984076433121019,0.9968152866242038,0.9984025559105432,0.6652452025586342
Avro,15,49.04283285140991,0.31715051736682653,0.3174603218212724,randomForest,oversampling,noFeatureSel,1.0,5.0,309.0,0.0,0.9973544973544974,0.9841269841269841,1.0,0.28180574555403193
Avro,16,52.811676263809204,0.31717263627797365,0.31347961630672216,randomForest,oversampling,noFeatureSel,1.0,5.0,313.0,0.0,0.997387669801463,0.9843260188087775,1.0,0.28185502026114645
Avro,17,56.628382205963135,0.3169237170368433,0.5361930467188358,randomForest,oversampling,noFeatureSel,1.0,12.0,359.0,1.0,0.9922876423546664,0.9651474530831099,0.7169811320754716,0.12520295868663034
Avro,18,61.09117269515991,0.3329416271299124,0.5319148767739534,randomForest,oversampling,noFeatureSel,2.0,6.0,368.0,0.0,0.9960106382978723,0.9840425531914894,1.0,0.3948497854077243
Avro,19,65.58985114097595,0.3465888323262334,0.4739336669445038,randomForest,oversampling,noFeatureSel,2.0,10.0,410.0,0.0,0.9960505529225908,0.976303317535545,1.0,0.27986348122866755
Avro,20,70.638906955719,0.35569106694310904,0.4662004765123129,randomForest,oversampling,noFeatureSel,1.0,12.0,415.0,1.0,0.9933039716693562,0.9696969696969697,0.9601873536299765,0.12627291242362704
Avro,21,75.77171325683594,0.3631770145148039,0.647948170080781,randomForest,oversampling,noFeatureSel,3.0,43.0,417.0,0.0,0.9939430932481924,0.9071274298056156,0.9992753623188406,0.11164160456918475
Avro,22,81.31132125854492,0.38257797714322805,0.6109979469329119,randomForest,oversampling,noFeatureSel,3.0,39.0,449.0,0.0,0.9943264474832703,0.9205702647657841,0.9815573770491802,0.12333470677104798
Avro,23,87.18593120574951,0.3979689907282591,1.7241379246115685,randomForest,oversampling,noFeatureSel,3.0,34.0,479.0,6.0,0.971998731756997,0.9233716475095786,0.6293047433398311,0.10562837316885161
Avro,1,1.1605647392570972,0.0,0.0,naiveBayes,oversampling,noFeatureSel,0.0,19.0,49.0,0.0,1.0,0.7205882352941176,NaN,0.0
Avro,2,1.9741564989089966,0.0,0.0,naiveBayes,oversampling,noFeatureSel,0.0,0.0,415.0,0.0,1.0,1.0,NaN,1.0
Avro,3,6.939458847045898,0.0,0.0,naiveBayes,oversampling,noFeatureSel,0.0,0.0,158.0,0.0,1.0,1.0,NaN,1.0
Avro,4,8.829863369464874,0.0,0.0,naiveBayes,oversampling,noFeatureSel,0.0,0.0,160.0,0.0,1.0,1.0,NaN,1.0
Avro,5,10.74419692158699,0.0,0.0,naiveBayes,oversampling,noFeatureSel,0.0,0.0,171.0,0.0,1.0,1.0,NaN,1.0
Avro,6,12.790140509605408,0.0,0.0,naiveBayes,oversampling,noFeatureSel,0.0,0.0,241.0,0.0,1.0,1.0,NaN,1.0
Avro,7,15.673606097698212,0.0,0.0,naiveBayes,oversampling,noFeatureSel,0.0,0.0,239.0,0.0,1.0,1.0,NaN,1.0
Avro,8,18.533141911029816,0.0,0.37878789007663727,naiveBayes,oversampling,noFeatureSel,0.0,0.0,789.0,3.0,NaN,0.9962121212121212,0.49846852555978033,0.0
Avro,9,28.009092807769775,0.1281503587961197,0.3717472078278661,naiveBayes,oversampling,noFeatureSel,1.0,30.0,238.0,0.0,0.9964024463364913,0.8884758364312267,0.9813432835820896,0.05569857243154657
Avro,10,31.22756779193878,0.15325670829042792,0.716845877468586,naiveBayes,oversampling,noFeatureSel,1.0,267.0,10.0,1.0,0.9026008763611074,0.03942652329749104,0.5108303249097473,-0.0069218131379784045
Avro,11,34.56568419933319,0.2076843287795782,0.6872852332890034,naiveBayes,oversampling,noFeatureSel,1.0,220.0,69.0,1.0,0.9789707159628324,0.24054982817869416,0.5380622837370241,-0.004718086519083263
Avro,12,38.0473792552948,0.2515723230317235,0.6872852332890034,naiveBayes,oversampling,noFeatureSel,2.0,17.0,272.0,0.0,0.9938506058961838,0.9415807560137457,1.0,0.18028169014084458
Avro,13,41.52907431125641,0.2881014021113515,0.6369426846504211,naiveBayes,oversampling,noFeatureSel,2.0,279.0,33.0,0.0,0.9936759072466397,0.11146496815286625,0.9583333333333334,0.0015044792450249617
Avro,14,45.28595209121704,0.317040947265923,0.31847134232521057,naiveBayes,oversampling,noFeatureSel,1.0,312.0,1.0,0.0,0.9968254614273214,0.006369426751592357,1.0,2.0414412575278474E-5
Avro,15,49.04283285140991,0.31715051736682653,0.3174603218212724,naiveBayes,oversampling,noFeatureSel,1.0,311.0,3.0,0.0,0.9968355718355719,0.012698412698412698,1.0,6.12426126098546E-5
Avro,16,52.811676263809204,0.31717263627797365,0.31347961630672216,naiveBayes,oversampling,noFeatureSel,1.0,314.0,4.0,0.0,0.9968751554958452,0.01567398119122257,1.0,7.98610417872888E-5
Avro,17,56.628382205963135,0.3169237170368433,0.5361930467188358,naiveBayes,oversampling,noFeatureSel,2.0,326.0,45.0,0.0,0.994670764402014,0.1260053619302949,0.7466307277628033,0.0014780994925191816
Avro,18,61.09117269515991,0.3329416271299124,0.5319148767739534,naiveBayes,oversampling,noFeatureSel,2.0,328.0,46.0,0.0,0.9947130883301096,0.1276595744680851,0.9973262032085561,0.0014897337910486205
Avro,19,65.58985114097595,0.3465888323262334,0.4739336669445038,naiveBayes,oversampling,noFeatureSel,2.0,375.0,45.0,0.0,0.9952858058757715,0.11137440758293839,0.9988095238095237,0.0011361484567316794
Avro,20,70.638906955719,0.35569106694310904,0.4662004765123129,naiveBayes,oversampling,noFeatureSel,2.0,424.0,3.0,0.0,0.9953598826838262,0.011655011655011656,1.0,6.596741209842487E-5
Avro,21,75.77171325683594,0.3631770145148039,0.647948170080781,naiveBayes,oversampling,noFeatureSel,3.0,445.0,15.0,0.0,0.9935639077445233,0.038876889848812095,0.9956521739130434,4.3662825955124247E-4
Avro,22,81.31132125854492,0.38257797714322805,0.6109979469329119,naiveBayes,oversampling,noFeatureSel,3.0,450.0,38.0,0.0,0.9939304838078796,0.0835030549898167,0.8183060109289617,0.0010308439356536284
Avro,23,87.18593120574951,0.3979689907282591,1.7241379246115685,naiveBayes,oversampling,noFeatureSel,9.0,491.0,22.0,0.0,0.9830689655172414,0.05938697318007663,0.598332250379034,0.0015426688170535022
Avro,1,1.1605647392570972,0.0,0.0,ibk,oversampling,noFeatureSel,0.0,0.0,68.0,0.0,1.0,1.0,NaN,1.0
Avro,2,1.9741564989089966,0.0,0.0,ibk,oversampling,noFeatureSel,0.0,0.0,415.0,0.0,1.0,1.0,NaN,1.0
Avro,3,6.939458847045898,0.0,0.0,ibk,oversampling,noFeatureSel,0.0,0.0,158.0,0.0,1.0,1.0,NaN,1.0
Avro,4,8.829863369464874,0.0,0.0,ibk,oversampling,noFeatureSel,0.0,0.0,160.0,0.0,1.0,1.0,NaN,1.0
Avro,5,10.74419692158699,0.0,0.0,ibk,oversampling,noFeatureSel,0.0,0.0,171.0,0.0,1.0,1.0,NaN,1.0
Avro,6,12.790140509605408,0.0,0.0,ibk,oversampling,noFeatureSel,0.0,0.0,241.0,0.0,1.0,1.0,NaN,1.0
Avro,7,15.673606097698212,0.0,0.0,ibk,oversampling,noFeatureSel,0.0,0.0,239.0,0.0,1.0,1.0,NaN,1.0
Avro,8,18.533141911029816,0.0,0.37878789007663727,ibk,oversampling,noFeatureSel,0.0,0.0,789.0,3.0,NaN,0.9962121212121212,0.59801436417406,0.0
Avro,9,28.009092807769775,0.1281503587961197,0.3717472078278661,ibk,oversampling,noFeatureSel,1.0,6.0,262.0,0.0,0.9968135953266065,0.9776951672862454,1.0,0.24508886810103048
Avro,10,31.22756779193878,0.15325670829042792,0.716845877468586,ibk,oversampling,noFeatureSel,1.0,2.0,275.0,1.0,0.991623811750039,0.989247311827957,0.6922382671480144,0.3947939262472909
Avro,11,34.56568419933319,0.2076843287795782,0.6872852332890034,ibk,oversampling,noFeatureSel,2.0,2.0,287.0,0.0,0.9965635738831615,0.993127147766323,0.9948096885813149,0.6635838150289024
Avro,12,38.0473792552948,0.2515723230317235,0.6872852332890034,ibk,oversampling,noFeatureSel,2.0,0.0,289.0,0.0,1.0,1.0,1.0,1.0
Avro,13,41.52907431125641,0.2881014021113515,0.6369426846504211,ibk,oversampling,noFeatureSel,2.0,9.0,303.0,0.0,0.9947886508396063,0.9713375796178344,0.9967948717948717,0.30014858841010494
Avro,14,45.28595209121704,0.317040947265923,0.31847134232521057,ibk,oversampling,noFeatureSel,1.0,1.0,312.0,0.0,0.9984076433121019,0.9968152866242038,0.9968051118210862,0.6652452025586342
Avro,15,49.04283285140991,0.31715051736682653,0.3174603218212724,ibk,oversampling,noFeatureSel,1.0,3.0,311.0,0.0,0.9976190476190476,0.9904761904761905,1.0,0.39693682195277713
Avro,16,52.811676263809204,0.31717263627797365,0.31347961630672216,ibk,oversampling,noFeatureSel,1.0,0.0,318.0,0.0,1.0,1.0,1.0,1.0
Avro,17,56.628382205963135,0.3169237170368433,0.5361930467188358,ibk,oversampling,noFeatureSel,1.0,2.0,369.0,1.0,0.9937371688041929,0.9919571045576407,0.6543126684636119,0.3961144090663766
Avro,18,61.09117269515991,0.3329416271299124,0.5319148767739534,ibk,oversampling,noFeatureSel,2.0,0.0,374.0,0.0,1.0,1.0,1.0,1.0
Avro,19,65.58985114097595,0.3465888323262334,0.4739336669445038,ibk,oversampling,noFeatureSel,2.0,3.0,417.0,0.0,0.9971563981042655,0.9928909952606635,1.0,0.5685071574642113
Avro,20,70.638906955719,0.35569106694310904,0.4662004765123129,ibk,oversampling,noFeatureSel,2.0,0.0,427.0,0.0,1.0,1.0,1.0,1.0
Avro,21,75.77171325683594,0.3631770145148039,0.647948170080781,ibk,oversampling,noFeatureSel,2.0,0.0,460.0,1.0,0.9978448578777472,0.9978401727861771,0.7557971014492754,0.7989578810247498
Avro,22,81.31132125854492,0.38257797714322805,0.6109979469329119,ibk,oversampling,noFeatureSel,3.0,0.0,488.0,0.0,1.0,1.0,1.0,1.0
Avro,23,87.18593120574951,0.3979689907282591,1.7241379246115685,ibk,oversampling,noFeatureSel,3.0,11.0,502.0,6.0,0.9748458166867073,0.9674329501915708,0.7223305176521551,0.24502297090352132
Avro,1,1.1605647392570972,0.0,0.0,randomForest,undersampling,noFeatureSel,0.0,0.0,68.0,0.0,1.0,1.0,NaN,1.0
Avro,2,1.9741564989089966,0.0,0.0,randomForest,undersampling,noFeatureSel,0.0,0.0,415.0,0.0,1.0,1.0,NaN,1.0
Avro,3,6.939458847045898,0.0,0.0,randomForest,undersampling,noFeatureSel,0.0,0.0,158.0,0.0,1.0,1.0,NaN,1.0
Avro,4,8.829863369464874,0.0,0.0,randomForest,undersampling,noFeatureSel,0.0,0.0,160.0,0.0,1.0,1.0,NaN,1.0
Avro,5,10.74419692158699,0.0,0.0,randomForest,undersampling,noFeatureSel,0.0,0.0,171.0,0.0,1.0,1.0,NaN,1.0
Avro,6,12.790140509605408,0.0,0.0,randomForest,undersampling,noFeatureSel,0.0,0.0,241.0,0.0,1.0,1.0,NaN,1.0
Avro,7,15.673606097698212,0.0,0.0,randomForest,undersampling,noFeatureSel,0.0,0.0,239.0,0.0,1.0,1.0,NaN,1.0
Avro,8,18.533141911029816,0.0,0.37878789007663727,randomForest,undersampling,noFeatureSel,0.0,0.0,789.0,3.0,NaN,0.9962121212121212,0.5,0.0
Avro,9,28.009092807769775,0.1281503587961197,0.3717472078278661,randomForest,undersampling,noFeatureSel,1.0,26.0,242.0,0.0,0.9964202120335949,0.9033457249070632,0.9104477611940299,0.06472318801818677
Avro,10,31.22756779193878,0.15325670829042792,0.716845877468586,randomForest,undersampling,noFeatureSel,2.0,38.0,239.0,0.0,0.9931899641577062,0.8637992831541219,0.9864620938628159,0.08271327219242125
Avro,11,34.56568419933319,0.2076843287795782,0.6872852332890034,randomForest,undersampling,noFeatureSel,2.0,288.0,1.0,0.0,0.9931745467472449,0.010309278350515464,0.9948096885813149,4.7725862644966955E-5
Avro,12,38.0473792552948,0.2515723230317235,0.6872852332890034,randomForest,undersampling,noFeatureSel,1.0,0.0,289.0,1.0,0.996575423628392,0.9965635738831615,1.0,0.6651323360184114
Avro,13,41.52907431125641,0.2881014021113515,0.6369426846504211,randomForest,undersampling,noFeatureSel,2.0,310.0,2.0,0.0,0.9936714029070717,0.012738853503184714,0.9663461538461539,8.217939762501673E-5
Avro,14,45.28595209121704,0.317040947265923,0.31847134232521057,randomForest,undersampling,noFeatureSel,1.0,14.0,299.0,0.0,0.9970276008492569,0.9554140127388535,0.9968051118210862,0.11974369243091636
Avro,15,49.04283285140991,0.31715051736682653,0.3174603218212724,randomForest,undersampling,noFeatureSel,1.0,309.0,5.0,0.0,0.9968356374807987,0.01904761904761905,1.0,1.0272741281011009E-4
Avro,16,52.811676263809204,0.31717263627797365,0.31347961630672216,randomForest,undersampling,noFeatureSel,1.0,12.0,306.0,0.0,0.9971063419339282,0.9623824451410659,1.0,0.13783783783783743
Avro,17,56.628382205963135,0.3169237170368433,0.5361930467188358,randomForest,undersampling,noFeatureSel,1.0,75.0,296.0,1.0,0.9913596716898537,0.7962466487935657,0.7048517520215634,0.015352552969781214
Avro,18,61.09117269515991,0.3329416271299124,0.5319148767739534,randomForest,undersampling,noFeatureSel,2.0,53.0,321.0,0.0,0.9948742746615087,0.8590425531914894,0.9986631016042781,0.0605317744672825
Avro,19,65.58985114097595,0.3465888323262334,0.4739336669445038,randomForest,undersampling,noFeatureSel,2.0,406.0,14.0,0.0,0.9952838955487407,0.037914691943127965,1.0,3.267439960790781E-4
Avro,20,70.638906955719,0.35569106694310904,0.4662004765123129,randomForest,undersampling,noFeatureSel,2.0,45.0,382.0,0.0,0.9955363785151019,0.8951048951048951,1.0,0.07334517352277624
Avro,21,75.77171325683594,0.3631770145148039,0.647948170080781,randomForest,undersampling,noFeatureSel,3.0,88.0,372.0,0.0,0.9937341276434148,0.8099352051835853,0.9945652173913044,0.05193596425912155
Avro,22,81.31132125854492,0.38257797714322805,0.6109979469329119,randomForest,undersampling,noFeatureSel,2.0,110.0,378.0,1.0,0.99137672603662,0.7739307535641547,0.921448087431694,0.023157026867169438
Avro,23,87.18593120574951,0.3979689907282591,1.7241379246115685,randomForest,undersampling,noFeatureSel,5.0,111.0,402.0,4.0,0.9738194326482079,0.7796934865900383,0.6363439462854668,0.04958677685950408
Avro,1,1.1605647392570972,0.0,0.0,naiveBayes,undersampling,noFeatureSel,0.0,19.0,49.0,0.0,1.0,0.7205882352941176,NaN,0.0
Avro,2,1.9741564989089966,0.0,0.0,naiveBayes,undersampling,noFeatureSel,0.0,0.0,415.0,0.0,1.0,1.0,NaN,1.0
Avro,3,6.939458847045898,0.0,0.0,naiveBayes,undersampling,noFeatureSel,0.0,0.0,158.0,0.0,1.0,1.0,NaN,1.0
Avro,4,8.829863369464874,0.0,0.0,naiveBayes,undersampling,noFeatureSel,0.0,0.0,160.0,0.0,1.0,1.0,NaN,1.0
Avro,5,10.74419692158699,0.0,0.0,naiveBayes,undersampling,noFeatureSel,0.0,0.0,171.0,0.0,1.0,1.0,NaN,1.0
Avro,6,12.790140509605408,0.0,0.0,naiveBayes,undersampling,noFeatureSel,0.0,0.0,241.0,0.0,1.0,1.0,NaN,1.0
Avro,7,15.673606097698212,0.0,0.0,naiveBayes,undersampling,noFeatureSel,0.0,0.0,239.0,0.0,1.0,1.0,NaN,1.0
Avro,8,18.533141911029816,0.0,0.37878789007663727,naiveBayes,undersampling,noFeatureSel,0.0,0.0,789.0,3.0,NaN,0.9962121212121212,0.49846612512962324,0.0
Avro,9,28.009092807769775,0.1281503587961197,0.3717472078278661,naiveBayes,undersampling,noFeatureSel,0.0,24.0,244.0,1.0,0.9922160685835673,0.9070631970260223,0.9104477611940299,-0.007188857271229337
Avro,10,31.22756779193878,0.15325670829042792,0.716845877468586,naiveBayes,undersampling,noFeatureSel,2.0,33.0,244.0,0.0,0.9932411674347158,0.8817204301075269,0.9423288433420028,0.09584601787292567
Avro,11,34.56568419933319,0.2076843287795782,0.6872852332890034,naiveBayes,undersampling,noFeatureSel,1.0,265.0,24.0,1.0,0.9534278996460223,0.0859106529209622,0.5207612456747405,-0.006265924808902287
Avro,12,38.0473792552948,0.2515723230317235,0.6872852332890034,naiveBayes,undersampling,noFeatureSel,2.0,289.0,0.0,0.0,NaN,0.006872852233676976,1.0,0.0
Avro,13,41.52907431125641,0.2881014021113515,0.6369426846504211,naiveBayes,undersampling,noFeatureSel,1.0,36.0,276.0,1.0,0.9902156059345233,0.8821656050955414,0.8942307692307693,0.03967597950074411
Avro,14,45.28595209121704,0.317040947265923,0.31847134232521057,naiveBayes,undersampling,noFeatureSel,0.0,4.0,309.0,1.0,0.9935997534415452,0.9840764331210191,0.9776357827476038,-0.005121638924453269
Avro,15,49.04283285140991,0.31715051736682653,0.3174603218212724,naiveBayes,undersampling,noFeatureSel,0.0,19.0,295.0,1.0,0.9934577434577434,0.9365079365079365,0.9394904458598726,-0.006068348770361352
Avro,16,52.811676263809204,0.31717263627797365,0.31347961630672216,naiveBayes,undersampling,noFeatureSel,1.0,309.0,9.0,0.0,0.9968753160076853,0.03134796238244514,0.9779874213836478,1.825761494690038E-4
Avro,17,56.628382205963135,0.3169237170368433,0.5361930467188358,naiveBayes,undersampling,noFeatureSel,1.0,61.0,310.0,1.0,0.9915263593016088,0.8337801608579088,0.6226415094339622,0.02108025736539144
Avro,18,61.09117269515991,0.3329416271299124,0.5319148767739534,naiveBayes,undersampling,noFeatureSel,2.0,332.0,42.0,0.0,0.9947127022550643,0.11702127659574468,0.979946524064171,0.0013440000000000056
Avro,19,65.58985114097595,0.3465888323262334,0.4739336669445038,naiveBayes,undersampling,noFeatureSel,1.0,64.0,356.0,1.0,0.9925457313804121,0.8459715639810427,0.8452380952380952,0.02084671949739448
Avro,20,70.638906955719,0.35569106694310904,0.4662004765123129,naiveBayes,undersampling,noFeatureSel,2.0,403.0,24.0,0.0,0.9953610175832398,0.06060606060606061,0.9859484777517564,5.549678292086558E-4
Avro,21,75.77171325683594,0.3631770145148039,0.647948170080781,naiveBayes,undersampling,noFeatureSel,1.0,57.0,403.0,2.0,0.9887259593945127,0.8725701943844493,0.8775362318840578,0.020720559240007177
Avro,22,81.31132125854492,0.38257797714322805,0.6109979469329119,naiveBayes,undersampling,noFeatureSel,1.0,97.0,391.0,2.0,0.9888944026173146,0.7983706720977597,0.8294846860984052,0.008040324061792163
Avro,23,87.18593120574951,0.3979689907282591,1.7241379246115685,naiveBayes,undersampling,noFeatureSel,9.0,493.0,20.0,0.0,0.9830677290836654,0.05555555555555555,0.6068894565063148,0.0013969406998672862
Avro,1,1.1605647392570972,0.0,0.0,ibk,undersampling,noFeatureSel,0.0,0.0,68.0,0.0,1.0,1.0,NaN,1.0
Avro,2,1.9741564989089966,0.0,0.0,ibk,undersampling,noFeatureSel,0.0,0.0,415.0,0.0,1.0,1.0,NaN,1.0
Avro,3,6.939458847045898,0.0,0.0,ibk,undersampling,noFeatureSel,0.0,0.0,158.0,0.0,1.0,1.0,NaN,1.0
Avro,4,8.829863369464874,0.0,0.0,ibk,undersampling,noFeatureSel,0.0,0.0,160.0,0.0,1.0,1.0,NaN,1.0
Avro,5,10.74419692158699,0.0,0.0,ibk,undersampling,noFeatureSel,0.0,0.0,171.0,0.0,1.0,1.0,NaN,1.0
Avro,6,12.790140509605408,0.0,0.0,ibk,undersampling,noFeatureSel,0.0,0.0,241.0,0.0,1.0,1.0,NaN,1.0
Avro,7,15.673606097698212,0.0,0.0,ibk,undersampling,noFeatureSel,0.0,0.0,239.0,0.0,1.0,1.0,NaN,1.0
Avro,8,18.533141911029816,0.0,0.37878789007663727,ibk,undersampling,noFeatureSel,0.0,0.0,789.0,3.0,NaN,0.9962121212121212,0.7547528517110267,0.0
Avro,9,28.009092807769775,0.1281503587961197,0.3717472078278661,ibk,undersampling,noFeatureSel,0.0,23.0,245.0,1.0,0.9922325989059148,0.9107806691449815,0.457089552238806,-0.007176287051481645
Avro,10,31.22756779193878,0.15325670829042792,0.716845877468586,ibk,undersampling,noFeatureSel,2.0,40.0,237.0,0.0,0.9931728963987028,0.8566308243727597,0.927797833935018,0.07829534192269565
Avro,11,34.56568419933319,0.2076843287795782,0.6872852332890034,ibk,undersampling,noFeatureSel,2.0,289.0,0.0,0.0,NaN,0.006872852233676976,0.5,0.0
Avro,12,38.0473792552948,0.2515723230317235,0.6872852332890034,ibk,undersampling,noFeatureSel,2.0,1.0,288.0,0.0,0.9977090492554409,0.9965635738831615,0.9982698961937716,0.798336798336799
Avro,13,41.52907431125641,0.2881014021113515,0.6369426846504211,ibk,undersampling,noFeatureSel,2.0,308.0,4.0,0.0,0.9936716663242243,0.01910828025477707,0.14102564102564102,1.65412290133156E-4
Avro,14,45.28595209121704,0.317040947265923,0.31847134232521057,ibk,undersampling,noFeatureSel,1.0,12.0,301.0,0.0,0.9970602645761882,0.9617834394904459,0.9808306709265177,0.13775743707093807
Avro,15,49.04283285140991,0.31715051736682653,0.3174603218212724,ibk,undersampling,noFeatureSel,1.0,309.0,5.0,0.0,0.9968356374807987,0.01904761904761905,0.5079617834394906,1.0272741281011009E-4
Avro,16,52.811676263809204,0.31717263627797365,0.31347961630672216,ibk,undersampling,noFeatureSel,1.0,10.0,308.0,0.0,0.9971501852379594,0.9686520376175548,0.9842767295597483,0.16184971098265705
Avro,17,56.628382205963135,0.3169237170368433,0.5361930467188358,ibk,undersampling,noFeatureSel,1.0,66.0,305.0,1.0,0.991467647307279,0.8203753351206434,0.6752021563342318,0.01876791393458739
Avro,18,61.09117269515991,0.3329416271299124,0.5319148767739534,ibk,undersampling,noFeatureSel,2.0,36.0,338.0,0.0,0.9949608062709967,0.9042553191489362,0.9518716577540106,0.09081139172487948
Avro,19,65.58985114097595,0.3465888323262334,0.4739336669445038,ibk,undersampling,noFeatureSel,2.0,410.0,10.0,0.0,0.9952836699949386,0.02843601895734597,0.11428571428571428,2.311337108517269E-4
Avro,20,70.638906955719,0.35569106694310904,0.4662004765123129,ibk,undersampling,noFeatureSel,2.0,414.0,13.0,0.0,0.9953604088219472,0.03496503496503497,0.5152224824355972,2.92697204741699E-4
Avro,21,75.77171325683594,0.3631770145148039,0.647948170080781,ibk,undersampling,noFeatureSel,3.0,59.0,401.0,0.0,0.9938340416637637,0.8725701943844493,0.9358695652173913,0.08094741446018233
Avro,22,81.31132125854492,0.38257797714322805,0.6109979469329119,ibk,undersampling,noFeatureSel,3.0,102.0,386.0,0.0,0.9940645912132674,0.7922606924643585,0.8954918032786886,0.04420016031146257
Avro,23,87.18593120574951,0.3979689907282591,1.7241379246115685,ibk,undersampling,noFeatureSel,5.0,49.0,464.0,4.0,0.9759553983691915,0.8984674329501916,0.6706735975741823,0.13310772701635679
Avro,1,1.1605647392570972,0.0,0.0,randomForest,SMOTE,noFeatureSel,0.0,0.0,68.0,0.0,1.0,1.0,NaN,1.0
Avro,2,1.9741564989089966,0.0,0.0,randomForest,SMOTE,noFeatureSel,0.0,0.0,415.0,0.0,1.0,1.0,NaN,1.0
Avro,3,6.939458847045898,0.0,0.0,randomForest,SMOTE,noFeatureSel,0.0,0.0,158.0,0.0,1.0,1.0,NaN,1.0
Avro,4,8.829863369464874,0.0,0.0,randomForest,SMOTE,noFeatureSel,0.0,0.0,160.0,0.0,1.0,1.0,NaN,1.0
Avro,5,10.74419692158699,0.0,0.0,randomForest,SMOTE,noFeatureSel,0.0,0.0,171.0,0.0,1.0,1.0,NaN,1.0
Avro,6,12.790140509605408,0.0,0.0,randomForest,SMOTE,noFeatureSel,0.0,0.0,241.0,0.0,1.0,1.0,NaN,1.0
Avro,7,15.673606097698212,0.0,0.0,randomForest,SMOTE,noFeatureSel,0.0,0.0,239.0,0.0,1.0,1.0,NaN,1.0
Avro,8,18.533141911029816,0.0,0.37878789007663727,randomForest,SMOTE,noFeatureSel,0.0,0.0,789.0,3.0,NaN,0.9962121212121212,0.5,0.0
Avro,9,28.009092807769775,0.1281503587961197,0.3717472078278661,randomForest,SMOTE,noFeatureSel,0.0,0.0,268.0,1.0,NaN,0.9962825278810409,1.0,0.0
Avro,10,31.22756779193878,0.15325670829042792,0.716845877468586,randomForest,SMOTE,noFeatureSel,1.0,0.0,277.0,1.0,0.9964286635207963,0.996415770609319,0.9566787003610109,0.6650660264105596
Avro,11,34.56568419933319,0.2076843287795782,0.6872852332890034,randomForest,SMOTE,noFeatureSel,1.0,0.0,289.0,1.0,0.996575423628392,0.9965635738831615,1.0,0.6651323360184114
Avro,12,38.0473792552948,0.2515723230317235,0.6872852332890034,randomForest,SMOTE,noFeatureSel,0.0,0.0,289.0,2.0,NaN,0.993127147766323,1.0,0.0
Avro,13,41.52907431125641,0.2881014021113515,0.6369426846504211,randomForest,SMOTE,noFeatureSel,2.0,0.0,312.0,0.0,1.0,1.0,1.0,1.0
Avro,14,45.28595209121704,0.317040947265923,0.31847134232521057,randomForest,SMOTE,noFeatureSel,1.0,1.0,312.0,0.0,0.9984076433121019,0.9968152866242038,1.0,0.6652452025586342
Avro,15,49.04283285140991,0.31715051736682653,0.3174603218212724,randomForest,SMOTE,noFeatureSel,1.0,0.0,314.0,0.0,1.0,1.0,1.0,1.0
Avro,16,52.811676263809204,0.31717263627797365,0.31347961630672216,randomForest,SMOTE,noFeatureSel,1.0,0.0,318.0,0.0,1.0,1.0,1.0,1.0
Avro,17,56.628382205963135,0.3169237170368433,0.5361930467188358,randomForest,SMOTE,noFeatureSel,1.0,0.0,371.0,1.0,0.9973262417481046,0.9973190348525469,0.8335579514824798,0.6654708520179381
Avro,18,61.09117269515991,0.3329416271299124,0.5319148767739534,randomForest,SMOTE,noFeatureSel,2.0,0.0,374.0,0.0,1.0,1.0,1.0,1.0
Avro,19,65.58985114097595,0.3465888323262334,0.4739336669445038,randomForest,SMOTE,noFeatureSel,2.0,0.0,420.0,0.0,1.0,1.0,1.0,1.0
Avro,20,70.638906955719,0.35569106694310904,0.4662004765123129,randomForest,SMOTE,noFeatureSel,1.0,0.0,427.0,1.0,0.9976744439361261,0.9976689976689976,1.0,0.6656274356975789
Avro,21,75.77171325683594,0.3631770145148039,0.647948170080781,randomForest,SMOTE,noFeatureSel,2.0,0.0,460.0,1.0,0.9978448578777472,0.9978401727861771,0.9905797101449276,0.7989578810247498
Avro,22,81.31132125854492,0.38257797714322805,0.6109979469329119,randomForest,SMOTE,noFeatureSel,2.0,0.0,488.0,1.0,0.997967505070825,0.9979633401221996,1.0,0.7990176013098623
Avro,23,87.18593120574951,0.3979689907282591,1.7241379246115685,randomForest,SMOTE,noFeatureSel,3.0,0.0,513.0,6.0,0.9886386286625475,0.9885057471264368,0.6177171323370154,0.49565217391304495
Avro,1,1.1605647392570972,0.0,0.0,naiveBayes,SMOTE,noFeatureSel,0.0,16.0,52.0,0.0,1.0,0.7647058823529411,NaN,0.0
Avro,2,1.9741564989089966,0.0,0.0,naiveBayes,SMOTE,noFeatureSel,0.0,0.0,415.0,0.0,1.0,1.0,NaN,1.0
Avro,3,6.939458847045898,0.0,0.0,naiveBayes,SMOTE,noFeatureSel,0.0,0.0,158.0,0.0,1.0,1.0,NaN,1.0
Avro,4,8.829863369464874,0.0,0.0,naiveBayes,SMOTE,noFeatureSel,0.0,0.0,160.0,0.0,1.0,1.0,NaN,1.0
Avro,5,10.74419692158699,0.0,0.0,naiveBayes,SMOTE,noFeatureSel,0.0,0.0,171.0,0.0,1.0,1.0,NaN,1.0
Avro,6,12.790140509605408,0.0,0.0,naiveBayes,SMOTE,noFeatureSel,0.0,0.0,241.0,0.0,1.0,1.0,NaN,1.0
Avro,7,15.673606097698212,0.0,0.0,naiveBayes,SMOTE,noFeatureSel,0.0,0.0,239.0,0.0,1.0,1.0,NaN,1.0
Avro,8,18.533141911029816,0.0,0.37878789007663727,naiveBayes,SMOTE,noFeatureSel,0.0,0.0,789.0,3.0,NaN,0.9962121212121212,0.4991958558973768,0.0
Avro,9,28.009092807769775,0.1281503587961197,0.3717472078278661,naiveBayes,SMOTE,noFeatureSel,0.0,8.0,260.0,1.0,0.9924653534447151,0.966542750929368,0.9291044776119403,-0.006652806652806413
Avro,10,31.22756779193878,0.15325670829042792,0.716845877468586,naiveBayes,SMOTE,noFeatureSel,0.0,0.0,277.0,2.0,NaN,0.992831541218638,0.5036101083032491,0.0
Avro,11,34.56568419933319,0.2076843287795782,0.6872852332890034,naiveBayes,SMOTE,noFeatureSel,0.0,3.0,286.0,2.0,0.9862304314623902,0.9828178694158075,0.5217273689342323,-0.008316008316011309
Avro,12,38.0473792552948,0.2515723230317235,0.6872852332890034,naiveBayes,SMOTE,noFeatureSel,0.0,0.0,289.0,2.0,NaN,0.993127147766323,1.0,0.0
Avro,13,41.52907431125641,0.2881014021113515,0.6369426846504211,naiveBayes,SMOTE,noFeatureSel,1.0,28.0,284.0,1.0,0.9903637855896056,0.9076433121019108,0.5400641025641025,0.05323352048242853
Avro,14,45.28595209121704,0.317040947265923,0.31847134232521057,naiveBayes,SMOTE,noFeatureSel,1.0,312.0,1.0,0.0,0.9968254614273214,0.006369426751592357,1.0,2.0414412575278474E-5
Avro,15,49.04283285140991,0.31715051736682653,0.3174603218212724,naiveBayes,SMOTE,noFeatureSel,1.0,77.0,237.0,0.0,0.9968660968660968,0.7555555555555556,1.0,0.019167778721339283
Avro,16,52.811676263809204,0.31717263627797365,0.31347961630672216,naiveBayes,SMOTE,noFeatureSel,1.0,47.0,271.0,0.0,0.9969305120167189,0.8526645768025078,1.0,0.03488896041197318
Avro,17,56.628382205963135,0.3169237170368433,0.5361930467188358,naiveBayes,SMOTE,noFeatureSel,1.0,53.0,318.0,1.0,0.9916193770312286,0.8552278820375335,0.9144204851752022,0.02563854489164088
Avro,18,61.09117269515991,0.3329416271299124,0.5319148767739534,naiveBayes,SMOTE,noFeatureSel,2.0,328.0,46.0,0.0,0.9947130883301096,0.1276595744680851,0.9786096256684491,0.0014897337910486205
Avro,19,65.58985114097595,0.3465888323262334,0.4739336669445038,naiveBayes,SMOTE,noFeatureSel,2.0,375.0,45.0,0.0,0.9952858058757715,0.11137440758293839,0.9785714285714285,0.0011361484567316794
Avro,20,70.638906955719,0.35569106694310904,0.4662004765123129,naiveBayes,SMOTE,noFeatureSel,2.0,418.0,9.0,0.0,0.9953601953601953,0.02564102564102564,0.9964871194379391,2.0071588666242677E-4
Avro,21,75.77171325683594,0.3631770145148039,0.647948170080781,naiveBayes,SMOTE,noFeatureSel,3.0,428.0,32.0,0.0,0.9935656191588199,0.0755939524838013,0.9992753623188406,9.679566032789514E-4
Avro,22,81.31132125854492,0.38257797714322805,0.6109979469329119,naiveBayes,SMOTE,noFeatureSel,2.0,440.0,48.0,1.0,0.9736341975298658,0.10183299389002037,0.6871584699453553,-0.003187502026936238
Avro,23,87.18593120574951,0.3979689907282591,1.7241379246115685,naiveBayes,SMOTE,noFeatureSel,8.0,471.0,42.0,1.0,0.9601917252763627,0.09578544061302682,0.6215074723846654,-0.001097052585387256
Avro,1,1.1605647392570972,0.0,0.0,ibk,SMOTE,noFeatureSel,0.0,0.0,68.0,0.0,1.0,1.0,NaN,1.0
Avro,2,1.9741564989089966,0.0,0.0,ibk,SMOTE,noFeatureSel,0.0,0.0,415.0,0.0,1.0,1.0,NaN,1.0
Avro,3,6.939458847045898,0.0,0.0,ibk,SMOTE,noFeatureSel,0.0,0.0,158.0,0.0,1.0,1.0,NaN,1.0
Avro,4,8.829863369464874,0.0,0.0,ibk,SMOTE,noFeatureSel,0.0,0.0,160.0,0.0,1.0,1.0,NaN,1.0
Avro,5,10.74419692158699,0.0,0.0,ibk,SMOTE,noFeatureSel,0.0,0.0,171.0,0.0,1.0,1.0,NaN,1.0
Avro,6,12.790140509605408,0.0,0.0,ibk,SMOTE,noFeatureSel,0.0,0.0,241.0,0.0,1.0,1.0,NaN,1.0
Avro,7,15.673606097698212,0.0,0.0,ibk,SMOTE,noFeatureSel,0.0,0.0,239.0,0.0,1.0,1.0,NaN,1.0
Avro,8,18.533141911029816,0.0,0.37878789007663727,ibk,SMOTE,noFeatureSel,0.0,0.0,789.0,3.0,NaN,0.9962121212121212,0.7553865652724968,0.0
Avro,9,28.009092807769775,0.1281503587961197,0.3717472078278661,ibk,SMOTE,noFeatureSel,1.0,2.0,266.0,0.0,0.9975216852540272,0.9925650557620818,0.996268656716418,0.4971962616822417
Avro,10,31.22756779193878,0.15325670829042792,0.716845877468586,ibk,SMOTE,noFeatureSel,1.0,1.0,276.0,1.0,0.992831541218638,0.992831541218638,0.7490974729241877,0.49638989169675213
Avro,11,34.56568419933319,0.2076843287795782,0.6872852332890034,ibk,SMOTE,noFeatureSel,2.0,1.0,288.0,0.0,0.9977090492554409,0.9965635738831615,0.9982698961937716,0.798336798336799
Avro,12,38.0473792552948,0.2515723230317235,0.6872852332890034,ibk,SMOTE,noFeatureSel,2.0,0.0,289.0,0.0,1.0,1.0,1.0,1.0
Avro,13,41.52907431125641,0.2881014021113515,0.6369426846504211,ibk,SMOTE,noFeatureSel,2.0,3.0,309.0,0.0,0.9961783439490446,0.9904458598726115,0.9951923076923078,0.5674931129476593
Avro,14,45.28595209121704,0.317040947265923,0.31847134232521057,ibk,SMOTE,noFeatureSel,1.0,1.0,312.0,0.0,0.9984076433121019,0.9968152866242038,0.9984025559105432,0.6652452025586342
Avro,15,49.04283285140991,0.31715051736682653,0.3174603218212724,ibk,SMOTE,noFeatureSel,1.0,0.0,314.0,0.0,1.0,1.0,1.0,1.0
Avro,16,52.811676263809204,0.31717263627797365,0.31347961630672216,ibk,SMOTE,noFeatureSel,1.0,0.0,318.0,0.0,1.0,1.0,1.0,1.0
Avro,17,56.628382205963135,0.3169237170368433,0.5361930467188358,ibk,SMOTE,noFeatureSel,1.0,0.0,371.0,1.0,0.9973262417481046,0.9973190348525469,0.7526954177897575,0.6654708520179381
Avro,18,61.09117269515991,0.3329416271299124,0.5319148767739534,ibk,SMOTE,noFeatureSel,2.0,0.0,374.0,0.0,1.0,1.0,1.0,1.0
Avro,19,65.58985114097595,0.3465888323262334,0.4739336669445038,ibk,SMOTE,noFeatureSel,2.0,0.0,420.0,0.0,1.0,1.0,1.0,1.0
Avro,20,70.638906955719,0.35569106694310904,0.4662004765123129,ibk,SMOTE,noFeatureSel,2.0,0.0,427.0,0.0,1.0,1.0,1.0,1.0
Avro,21,75.77171325683594,0.3631770145148039,0.647948170080781,ibk,SMOTE,noFeatureSel,2.0,0.0,460.0,1.0,0.9978448578777472,0.9978401727861771,0.8329710144927535,0.7989578810247498
Avro,22,81.31132125854492,0.38257797714322805,0.6109979469329119,ibk,SMOTE,noFeatureSel,3.0,0.0,488.0,0.0,1.0,1.0,1.0,1.0
Avro,23,87.18593120574951,0.3979689907282591,1.7241379246115685,ibk,SMOTE,noFeatureSel,3.0,0.0,513.0,6.0,0.9886386286625475,0.9885057471264368,0.6660168940870697,0.49565217391304495
Avro,1,1.1605647392570972,0.0,0.0,randomForest,noSampling,bestFirst,0.0,0.0,68.0,0.0,1.0,1.0,NaN,1.0
Avro,2,1.9741564989089966,0.0,0.0,randomForest,noSampling,bestFirst,0.0,0.0,415.0,0.0,1.0,1.0,NaN,1.0
Avro,3,6.939458847045898,0.0,0.0,randomForest,noSampling,bestFirst,0.0,0.0,158.0,0.0,1.0,1.0,NaN,1.0
Avro,4,8.829863369464874,0.0,0.0,randomForest,noSampling,bestFirst,0.0,0.0,160.0,0.0,1.0,1.0,NaN,1.0
Avro,5,10.74419692158699,0.0,0.0,randomForest,noSampling,bestFirst,0.0,0.0,171.0,0.0,1.0,1.0,NaN,1.0
Avro,6,12.790140509605408,0.0,0.0,randomForest,noSampling,bestFirst,0.0,0.0,241.0,0.0,1.0,1.0,NaN,1.0
Avro,7,15.673606097698212,0.0,0.0,randomForest,noSampling,bestFirst,0.0,0.0,239.0,0.0,1.0,1.0,NaN,1.0
Avro,8,18.533141911029816,0.0,0.37878789007663727,randomForest,noSampling,bestFirst,0.0,0.0,789.0,3.0,NaN,0.9962121212121212,0.5,0.0
Avro,9,28.009092807769775,0.1281503587961197,0.3717472078278661,randomForest,noSampling,bestFirst,1.0,2.0,266.0,0.0,0.9975216852540272,0.9925650557620818,0.9925373134328358,0.4971962616822417
Avro,10,31.22756779193878,0.15325670829042792,0.716845877468586,randomForest,noSampling,bestFirst,1.0,0.0,277.0,1.0,0.9964286635207963,0.996415770609319,0.9882671480144405,0.6650660264105596
Avro,11,34.56568419933319,0.2076843287795782,0.6872852332890034,randomForest,noSampling,bestFirst,2.0,0.0,289.0,0.0,1.0,1.0,1.0,1.0
Avro,12,38.0473792552948,0.2515723230317235,0.6872852332890034,randomForest,noSampling,bestFirst,0.0,0.0,289.0,2.0,NaN,0.993127147766323,1.0,0.0
Avro,13,41.52907431125641,0.2881014021113515,0.6369426846504211,randomForest,noSampling,bestFirst,2.0,0.0,312.0,0.0,1.0,1.0,1.0,1.0
Avro,14,45.28595209121704,0.317040947265923,0.31847134232521057,randomForest,noSampling,bestFirst,1.0,1.0,312.0,0.0,0.9984076433121019,0.9968152866242038,1.0,0.6652452025586342
Avro,15,49.04283285140991,0.31715051736682653,0.3174603218212724,randomForest,noSampling,bestFirst,1.0,1.0,313.0,0.0,0.9984126984126984,0.9968253968253968,1.0,0.6652497343251865
Avro,16,52.811676263809204,0.31717263627797365,0.31347961630672216,randomForest,noSampling,bestFirst,1.0,0.0,318.0,0.0,1.0,1.0,1.0,1.0
Avro,17,56.628382205963135,0.3169237170368433,0.5361930467188358,randomForest,noSampling,bestFirst,1.0,0.0,371.0,1.0,0.9973262417481046,0.9973190348525469,0.8746630727762803,0.6654708520179381
Avro,18,61.09117269515991,0.3329416271299124,0.5319148767739534,randomForest,noSampling,bestFirst,1.0,0.0,374.0,1.0,0.9973475177304963,0.9973404255319149,0.9986631016042781,0.6654804270462703
Avro,19,65.58985114097595,0.3465888323262334,0.4739336669445038,randomForest,noSampling,bestFirst,1.0,0.0,420.0,1.0,0.9976359604192231,0.9976303317535545,0.9988095238095237,0.6656101426307499
Avro,20,70.638906955719,0.35569106694310904,0.4662004765123129,randomForest,noSampling,bestFirst,1.0,0.0,427.0,1.0,0.9976744439361261,0.9976689976689976,0.9988290398126464,0.6656274356975789
Avro,21,75.77171325683594,0.3631770145148039,0.647948170080781,randomForest,noSampling,bestFirst,1.0,0.0,460.0,2.0,0.9956990453750713,0.9956803455723542,0.9855072463768116,0.4983748645720469
Avro,22,81.31132125854492,0.38257797714322805,0.6109979469329119,randomForest,noSampling,bestFirst,1.0,0.0,488.0,2.0,0.99594330603932,0.9959266802443992,1.0,0.49846782431052716
Avro,23,87.18593120574951,0.3979689907282591,1.7241379246115685,randomForest,noSampling,bestFirst,2.0,0.0,513.0,7.0,0.9867705570291777,0.9865900383141762,0.5739657786441412,0.3596214511041009
Avro,1,1.1605647392570972,0.0,0.0,naiveBayes,noSampling,bestFirst,0.0,0.0,68.0,0.0,1.0,1.0,NaN,1.0
Avro,2,1.9741564989089966,0.0,0.0,naiveBayes,noSampling,bestFirst,0.0,0.0,415.0,0.0,1.0,1.0,NaN,1.0
Avro,3,6.939458847045898,0.0,0.0,naiveBayes,noSampling,bestFirst,0.0,0.0,158.0,0.0,1.0,1.0,NaN,1.0
Avro,4,8.829863369464874,0.0,0.0,naiveBayes,noSampling,bestFirst,0.0,0.0,160.0,0.0,1.0,1.0,NaN,1.0
Avro,5,10.74419692158699,0.0,0.0,naiveBayes,noSampling,bestFirst,0.0,0.0,171.0,0.0,1.0,1.0,NaN,1.0
Avro,6,12.790140509605408,0.0,0.0,naiveBayes,noSampling,bestFirst,0.0,0.0,241.0,0.0,1.0,1.0,NaN,1.0
Avro,7,15.673606097698212,0.0,0.0,naiveBayes,noSampling,bestFirst,0.0,0.0,239.0,0.0,1.0,1.0,NaN,1.0
Avro,8,18.533141911029816,0.0,0.37878789007663727,naiveBayes,noSampling,bestFirst,0.0,0.0,789.0,3.0,NaN,0.9962121212121212,0.5,0.0
Avro,9,28.009092807769775,0.1281503587961197,0.3717472078278661,naiveBayes,noSampling,bestFirst,0.0,0.0,268.0,1.0,NaN,0.9962825278810409,0.996268656716418,0.0
Avro,10,31.22756779193878,0.15325670829042792,0.716845877468586,naiveBayes,noSampling,bestFirst,0.0,0.0,277.0,2.0,NaN,0.992831541218638,0.990072202166065,0.0
Avro,11,34.56568419933319,0.2076843287795782,0.6872852332890034,naiveBayes,noSampling,bestFirst,0.0,0.0,289.0,2.0,NaN,0.993127147766323,1.0,0.0
Avro,12,38.0473792552948,0.2515723230317235,0.6872852332890034,naiveBayes,noSampling,bestFirst,0.0,0.0,289.0,2.0,NaN,0.993127147766323,1.0,0.0
Avro,13,41.52907431125641,0.2881014021113515,0.6369426846504211,naiveBayes,noSampling,bestFirst,0.0,0.0,312.0,2.0,NaN,0.9936305732484076,1.0,0.0
Avro,14,45.28595209121704,0.317040947265923,0.31847134232521057,naiveBayes,noSampling,bestFirst,0.0,0.0,313.0,1.0,NaN,0.9968152866242038,1.0,0.0
Avro,15,49.04283285140991,0.31715051736682653,0.3174603218212724,naiveBayes,noSampling,bestFirst,0.0,0.0,314.0,1.0,NaN,0.9968253968253968,1.0,0.0
Avro,16,52.811676263809204,0.31717263627797365,0.31347961630672216,naiveBayes,noSampling,bestFirst,0.0,0.0,318.0,1.0,NaN,0.9968652037617555,0.9748427672955974,0.0
Avro,17,56.628382205963135,0.3169237170368433,0.5361930467188358,naiveBayes,noSampling,bestFirst,0.0,0.0,371.0,2.0,NaN,0.9946380697050938,0.8551212938005391,0.0
Avro,18,61.09117269515991,0.3329416271299124,0.5319148767739534,naiveBayes,noSampling,bestFirst,0.0,0.0,374.0,2.0,NaN,0.9946808510638298,0.9144385026737968,0.0
Avro,19,65.58985114097595,0.3465888323262334,0.4739336669445038,naiveBayes,noSampling,bestFirst,0.0,0.0,420.0,2.0,NaN,0.995260663507109,0.9404761904761906,0.0
Avro,20,70.638906955719,0.35569106694310904,0.4662004765123129,naiveBayes,noSampling,bestFirst,0.0,0.0,427.0,2.0,NaN,0.9953379953379954,0.9859484777517564,0.0
Avro,21,75.77171325683594,0.3631770145148039,0.647948170080781,naiveBayes,noSampling,bestFirst,0.0,0.0,460.0,3.0,NaN,0.9935205183585313,0.9630434782608696,0.0
Avro,22,81.31132125854492,0.38257797714322805,0.6109979469329119,naiveBayes,noSampling,bestFirst,1.0,0.0,488.0,2.0,0.99594330603932,0.9959266802443992,0.869535519125683,0.49846782431052716
Avro,23,87.18593120574951,0.3979689907282591,1.7241379246115685,naiveBayes,noSampling,bestFirst,0.0,0.0,513.0,9.0,NaN,0.9827586206896551,0.6250886902227898,0.0
Avro,1,1.1605647392570972,0.0,0.0,ibk,noSampling,bestFirst,0.0,0.0,68.0,0.0,1.0,1.0,NaN,1.0
Avro,2,1.9741564989089966,0.0,0.0,ibk,noSampling,bestFirst,0.0,0.0,415.0,0.0,1.0,1.0,NaN,1.0
Avro,3,6.939458847045898,0.0,0.0,ibk,noSampling,bestFirst,0.0,0.0,158.0,0.0,1.0,1.0,NaN,1.0
Avro,4,8.829863369464874,0.0,0.0,ibk,noSampling,bestFirst,0.0,0.0,160.0,0.0,1.0,1.0,NaN,1.0
Avro,5,10.74419692158699,0.0,0.0,ibk,noSampling,bestFirst,0.0,0.0,171.0,0.0,1.0,1.0,NaN,1.0
Avro,6,12.790140509605408,0.0,0.0,ibk,noSampling,bestFirst,0.0,0.0,241.0,0.0,1.0,1.0,NaN,1.0
Avro,7,15.673606097698212,0.0,0.0,ibk,noSampling,bestFirst,0.0,0.0,239.0,0.0,1.0,1.0,NaN,1.0
Avro,8,18.533141911029816,0.0,0.37878789007663727,ibk,noSampling,bestFirst,0.0,0.0,789.0,3.0,NaN,0.9962121212121212,0.5,0.0
Avro,9,28.009092807769775,0.1281503587961197,0.3717472078278661,ibk,noSampling,bestFirst,1.0,2.0,266.0,0.0,0.9975216852540272,0.9925650557620818,0.996268656716418,0.4971962616822417
Avro,10,31.22756779193878,0.15325670829042792,0.716845877468586,ibk,noSampling,bestFirst,1.0,0.0,277.0,1.0,0.9964286635207963,0.996415770609319,0.9882671480144405,0.6650660264105596
Avro,11,34.56568419933319,0.2076843287795782,0.6872852332890034,ibk,noSampling,bestFirst,2.0,0.0,289.0,0.0,1.0,1.0,1.0,1.0
Avro,12,38.0473792552948,0.2515723230317235,0.6872852332890034,ibk,noSampling,bestFirst,0.0,0.0,289.0,2.0,NaN,0.993127147766323,0.029411764705882353,0.0
Avro,13,41.52907431125641,0.2881014021113515,0.6369426846504211,ibk,noSampling,bestFirst,2.0,0.0,312.0,0.0,1.0,1.0,1.0,1.0
Avro,14,45.28595209121704,0.317040947265923,0.31847134232521057,ibk,noSampling,bestFirst,1.0,1.0,312.0,0.0,0.9984076433121019,0.9968152866242038,0.9984025559105432,0.6652452025586342
Avro,15,49.04283285140991,0.31715051736682653,0.3174603218212724,ibk,noSampling,bestFirst,1.0,1.0,313.0,0.0,0.9984126984126984,0.9968253968253968,1.0,0.6652497343251865
Avro,16,52.811676263809204,0.31717263627797365,0.31347961630672216,ibk,noSampling,bestFirst,1.0,0.0,318.0,0.0,1.0,1.0,1.0,1.0
Avro,17,56.628382205963135,0.3169237170368433,0.5361930467188358,ibk,noSampling,bestFirst,1.0,0.0,371.0,1.0,0.9973262417481046,0.9973190348525469,0.8463611859838275,0.6654708520179381
Avro,18,61.09117269515991,0.3329416271299124,0.5319148767739534,ibk,noSampling,bestFirst,1.0,0.0,374.0,1.0,0.9973475177304963,0.9973404255319149,0.9986631016042781,0.6654804270462703
Avro,19,65.58985114097595,0.3465888323262334,0.4739336669445038,ibk,noSampling,bestFirst,1.0,0.0,420.0,1.0,0.9976359604192231,0.9976303317535545,0.9988095238095237,0.6656101426307499
Avro,20,70.638906955719,0.35569106694310904,0.4662004765123129,ibk,noSampling,bestFirst,1.0,0.0,427.0,1.0,0.9976744439361261,0.9976689976689976,0.9988290398126464,0.6656274356975789
Avro,21,75.77171325683594,0.3631770145148039,0.647948170080781,ibk,noSampling,bestFirst,1.0,0.0,460.0,2.0,0.9956990453750713,0.9956803455723542,0.9855072463768116,0.4983748645720469
Avro,22,81.31132125854492,0.38257797714322805,0.6109979469329119,ibk,noSampling,bestFirst,1.0,0.0,488.0,2.0,0.99594330603932,0.9959266802443992,0.9665300546448088,0.49846782431052716
Avro,23,87.18593120574951,0.3979689907282591,1.7241379246115685,ibk,noSampling,bestFirst,1.0,0.0,513.0,8.0,0.984909656496128,0.9846743295019157,0.6093783842321854,0.19723183391003205
Avro,1,1.1605647392570972,0.0,0.0,randomForest,oversampling,bestFirst,0.0,0.0,68.0,0.0,1.0,1.0,NaN,1.0
Avro,2,1.9741564989089966,0.0,0.0,randomForest,oversampling,bestFirst,0.0,0.0,415.0,0.0,1.0,1.0,NaN,1.0
Avro,3,6.939458847045898,0.0,0.0,randomForest,oversampling,bestFirst,0.0,0.0,158.0,0.0,1.0,1.0,NaN,1.0
Avro,4,8.829863369464874,0.0,0.0,randomForest,oversampling,bestFirst,0.0,0.0,160.0,0.0,1.0,1.0,NaN,1.0
Avro,5,10.74419692158699,0.0,0.0,randomForest,oversampling,bestFirst,0.0,0.0,171.0,0.0,1.0,1.0,NaN,1.0
Avro,6,12.790140509605408,0.0,0.0,randomForest,oversampling,bestFirst,0.0,0.0,241.0,0.0,1.0,1.0,NaN,1.0
Avro,7,15.673606097698212,0.0,0.0,randomForest,oversampling,bestFirst,0.0,0.0,239.0,0.0,1.0,1.0,NaN,1.0
Avro,8,18.533141911029816,0.0,0.37878789007663727,randomForest,oversampling,bestFirst,0.0,0.0,789.0,3.0,NaN,0.9962121212121212,0.5,0.0
Avro,9,28.009092807769775,0.1281503587961197,0.3717472078278661,randomForest,oversampling,bestFirst,1.0,97.0,171.0,0.0,0.9963204612700098,0.6394052044609665,0.996268656716418,0.01293739360696042
Avro,10,31.22756779193878,0.15325670829042792,0.716845877468586,randomForest,oversampling,bestFirst,2.0,45.0,232.0,0.0,0.9931365820178449,0.8387096774193549,0.9566787003610109,0.06882741229696666
Avro,11,34.56568419933319,0.2076843287795782,0.6872852332890034,randomForest,oversampling,bestFirst,2.0,18.0,271.0,0.0,0.9938144329896906,0.9381443298969072,1.0,0.1714647263524195
Avro,12,38.0473792552948,0.2515723230317235,0.6872852332890034,randomForest,oversampling,bestFirst,0.0,0.0,289.0,2.0,NaN,0.993127147766323,1.0,0.0
Avro,13,41.52907431125641,0.2881014021113515,0.6369426846504211,randomForest,oversampling,bestFirst,2.0,23.0,289.0,0.0,0.9941401273885351,0.9267515923566879,1.0,0.13798042492241588
Avro,14,45.28595209121704,0.317040947265923,0.31847134232521057,randomForest,oversampling,bestFirst,1.0,1.0,312.0,0.0,0.9984076433121019,0.9968152866242038,0.9984025559105432,0.6652452025586342
Avro,15,49.04283285140991,0.31715051736682653,0.3174603218212724,randomForest,oversampling,bestFirst,1.0,2.0,312.0,0.0,0.9978835978835978,0.9936507936507937,0.9984076433121019,0.49760765550239544
Avro,16,52.811676263809204,0.31717263627797365,0.31347961630672216,randomForest,oversampling,bestFirst,1.0,5.0,313.0,0.0,0.997387669801463,0.9843260188087775,1.0,0.28185502026114645
Avro,17,56.628382205963135,0.3169237170368433,0.5361930467188358,randomForest,oversampling,bestFirst,1.0,54.0,317.0,1.0,0.9916077666747908,0.8525469168900804,0.7493261455525607,0.0249988118435437
Avro,18,61.09117269515991,0.3329416271299124,0.5319148767739534,randomForest,oversampling,bestFirst,2.0,20.0,354.0,0.0,0.9951644100580271,0.9468085106382979,1.0,0.15846016114592576
Avro,19,65.58985114097595,0.3465888323262334,0.4739336669445038,randomForest,oversampling,bestFirst,2.0,53.0,367.0,0.0,0.9954330030159414,0.8744075829383886,1.0,0.061592682722161764
Avro,20,70.638906955719,0.35569106694310904,0.4662004765123129,randomForest,oversampling,bestFirst,2.0,11.0,416.0,0.0,0.9960552268244576,0.9743589743589743,1.0,0.2606924643584524
Avro,21,75.77171325683594,0.3631770145148039,0.647948170080781,randomForest,oversampling,bestFirst,3.0,35.0,425.0,0.0,0.9940320563828579,0.9244060475161987,0.9873188405797102,0.13596374300186612
Avro,22,81.31132125854492,0.38257797714322805,0.6109979469329119,randomForest,oversampling,bestFirst,3.0,30.0,458.0,0.0,0.9944454730605443,0.9389002036659878,1.0,0.15722622725712315
Avro,23,87.18593120574951,0.3979689907282591,1.7241379246115685,randomForest,oversampling,bestFirst,3.0,32.0,481.0,6.0,0.9721285441174983,0.9272030651340997,0.5692007797270955,0.11200644641418331
Avro,1,1.1605647392570972,0.0,0.0,naiveBayes,oversampling,bestFirst,0.0,0.0,68.0,0.0,1.0,1.0,NaN,1.0
Avro,2,1.9741564989089966,0.0,0.0,naiveBayes,oversampling,bestFirst,0.0,0.0,415.0,0.0,1.0,1.0,NaN,1.0
Avro,3,6.939458847045898,0.0,0.0,naiveBayes,oversampling,bestFirst,0.0,0.0,158.0,0.0,1.0,1.0,NaN,1.0
Avro,4,8.829863369464874,0.0,0.0,naiveBayes,oversampling,bestFirst,0.0,0.0,160.0,0.0,1.0,1.0,NaN,1.0
Avro,5,10.74419692158699,0.0,0.0,naiveBayes,oversampling,bestFirst,0.0,0.0,171.0,0.0,1.0,1.0,NaN,1.0
Avro,6,12.790140509605408,0.0,0.0,naiveBayes,oversampling,bestFirst,0.0,0.0,241.0,0.0,1.0,1.0,NaN,1.0
Avro,7,15.673606097698212,0.0,0.0,naiveBayes,oversampling,bestFirst,0.0,0.0,239.0,0.0,1.0,1.0,NaN,1.0
Avro,8,18.533141911029816,0.0,0.37878789007663727,naiveBayes,oversampling,bestFirst,0.0,0.0,789.0,3.0,NaN,0.9962121212121212,0.5,0.0
Avro,9,28.009092807769775,0.1281503587961197,0.3717472078278661,naiveBayes,oversampling,bestFirst,1.0,2.0,266.0,0.0,0.9975216852540272,0.9925650557620818,0.9925373134328358,0.4971962616822417
Avro,10,31.22756779193878,0.15325670829042792,0.716845877468586,naiveBayes,oversampling,bestFirst,1.0,2.0,275.0,1.0,0.991623811750039,0.989247311827957,0.9575812274368232,0.3947939262472909
Avro,11,34.56568419933319,0.2076843287795782,0.6872852332890034,naiveBayes,oversampling,bestFirst,2.0,20.0,269.0,0.0,0.9937519525148392,0.9312714776632303,0.972318339100346,0.15603248259860816
Avro,12,38.0473792552948,0.2515723230317235,0.6872852332890034,naiveBayes,oversampling,bestFirst,2.0,2.0,287.0,0.0,0.9965635738831615,0.993127147766323,1.0,0.6635838150289024
Avro,13,41.52907431125641,0.2881014021113515,0.6369426846504211,naiveBayes,oversampling,bestFirst,2.0,22.0,290.0,0.0,0.9941613588110404,0.9299363057324841,0.9903846153846154,0.14377788795240498
Avro,14,45.28595209121704,0.317040947265923,0.31847134232521057,naiveBayes,oversampling,bestFirst,1.0,24.0,289.0,0.0,0.9969426751592357,0.9235668789808917,1.0,0.07123490263741683
Avro,15,49.04283285140991,0.31715051736682653,0.3174603218212724,naiveBayes,oversampling,bestFirst,1.0,8.0,306.0,0.0,0.9971781305114638,0.9746031746031746,1.0,0.19540229885057428
Avro,16,52.811676263809204,0.31717263627797365,0.31347961630672216,naiveBayes,oversampling,bestFirst,1.0,7.0,311.0,0.0,0.997257053291536,0.9780564263322884,1.0,0.2178633975481615
Avro,17,56.628382205963135,0.3169237170368433,0.5361930467188358,naiveBayes,oversampling,bestFirst,1.0,26.0,345.0,1.0,0.9919619832139783,0.9276139410187667,0.7978436657681941,0.059576057521710704
Avro,18,61.09117269515991,0.3329416271299124,0.5319148767739534,naiveBayes,oversampling,bestFirst,2.0,25.0,349.0,0.0,0.9950748620961387,0.9335106382978723,0.9973262032085561,0.12930715079659116
Avro,19,65.58985114097595,0.3465888323262334,0.4739336669445038,naiveBayes,oversampling,bestFirst,2.0,29.0,391.0,0.0,0.9955664271518117,0.9312796208530806,0.9988095238095237,0.11331691059266766
Avro,20,70.638906955719,0.35569106694310904,0.4662004765123129,naiveBayes,oversampling,bestFirst,2.0,81.0,346.0,0.0,0.9954503327997304,0.8111888111888111,0.9988290398126464,0.03830293637395162
Avro,21,75.77171325683594,0.3631770145148039,0.647948170080781,naiveBayes,oversampling,bestFirst,3.0,33.0,427.0,0.0,0.994060475161987,0.9287257019438445,0.9971014492753624,0.14360181604170197
Avro,22,81.31132125854492,0.38257797714322805,0.6109979469329119,naiveBayes,oversampling,bestFirst,3.0,56.0,432.0,0.0,0.9942006972971107,0.8859470468431772,1.0,0.0861473012496673
Avro,23,87.18593120574951,0.3979689907282591,1.7241379246115685,naiveBayes,oversampling,bestFirst,3.0,90.0,423.0,6.0,0.9695699184019541,0.8160919540229885,0.5397444227853585,0.028272251308900324
Avro,1,1.1605647392570972,0.0,0.0,ibk,oversampling,bestFirst,0.0,0.0,68.0,0.0,1.0,1.0,NaN,1.0
Avro,2,1.9741564989089966,0.0,0.0,ibk,oversampling,bestFirst,0.0,0.0,415.0,0.0,1.0,1.0,NaN,1.0
Avro,3,6.939458847045898,0.0,0.0,ibk,oversampling,bestFirst,0.0,0.0,158.0,0.0,1.0,1.0,NaN,1.0
Avro,4,8.829863369464874,0.0,0.0,ibk,oversampling,bestFirst,0.0,0.0,160.0,0.0,1.0,1.0,NaN,1.0
Avro,5,10.74419692158699,0.0,0.0,ibk,oversampling,bestFirst,0.0,0.0,171.0,0.0,1.0,1.0,NaN,1.0
Avro,6,12.790140509605408,0.0,0.0,ibk,oversampling,bestFirst,0.0,0.0,241.0,0.0,1.0,1.0,NaN,1.0
Avro,7,15.673606097698212,0.0,0.0,ibk,oversampling,bestFirst,0.0,0.0,239.0,0.0,1.0,1.0,NaN,1.0
Avro,8,18.533141911029816,0.0,0.37878789007663727,ibk,oversampling,bestFirst,0.0,0.0,789.0,3.0,NaN,0.9962121212121212,0.5,0.0
Avro,9,28.009092807769775,0.1281503587961197,0.3717472078278661,ibk,oversampling,bestFirst,1.0,2.0,266.0,0.0,0.9975216852540272,0.9925650557620818,0.9925373134328358,0.4971962616822417
Avro,10,31.22756779193878,0.15325670829042792,0.716845877468586,ibk,oversampling,bestFirst,1.0,2.0,275.0,1.0,0.991623811750039,0.989247311827957,0.9575812274368232,0.3947939262472909
Avro,11,34.56568419933319,0.2076843287795782,0.6872852332890034,ibk,oversampling,bestFirst,2.0,2.0,287.0,0.0,0.9965635738831615,0.993127147766323,0.9956747404844289,0.6635838150289024
Avro,12,38.0473792552948,0.2515723230317235,0.6872852332890034,ibk,oversampling,bestFirst,2.0,0.0,289.0,0.0,1.0,1.0,1.0,1.0
Avro,13,41.52907431125641,0.2881014021113515,0.6369426846504211,ibk,oversampling,bestFirst,2.0,15.0,297.0,0.0,0.9943799175721244,0.9522292993630573,0.9967948717948717,0.20142421159715246
Avro,14,45.28595209121704,0.317040947265923,0.31847134232521057,ibk,oversampling,bestFirst,1.0,1.0,312.0,0.0,0.9984076433121019,0.9968152866242038,0.9968051118210862,0.6652452025586342
Avro,15,49.04283285140991,0.31715051736682653,0.3174603218212724,ibk,oversampling,bestFirst,1.0,6.0,308.0,0.0,0.9972789115646259,0.9809523809523809,1.0,0.24581005586592056
Avro,16,52.811676263809204,0.31717263627797365,0.31347961630672216,ibk,oversampling,bestFirst,1.0,0.0,318.0,0.0,1.0,1.0,1.0,1.0
Avro,17,56.628382205963135,0.3169237170368433,0.5361930467188358,ibk,oversampling,bestFirst,1.0,4.0,367.0,1.0,0.9930076349224852,0.9865951742627346,0.6920485175202157,0.2802006947124659
Avro,18,61.09117269515991,0.3329416271299124,0.5319148767739534,ibk,oversampling,bestFirst,2.0,4.0,370.0,0.0,0.9964539007092199,0.9893617021276596,1.0,0.4959785522788229
Avro,19,65.58985114097595,0.3465888323262334,0.4739336669445038,ibk,oversampling,bestFirst,2.0,6.0,414.0,0.0,0.9964454976303317,0.985781990521327,1.0,0.395415472779368
Avro,20,70.638906955719,0.35569106694310904,0.4662004765123129,ibk,oversampling,bestFirst,2.0,0.0,427.0,0.0,1.0,1.0,1.0,1.0
Avro,21,75.77171325683594,0.3631770145148039,0.647948170080781,ibk,oversampling,bestFirst,2.0,1.0,459.0,1.0,0.9956803455723542,0.9956803455723542,0.7492753623188406,0.6644927536231874
Avro,22,81.31132125854492,0.38257797714322805,0.6109979469329119,ibk,oversampling,bestFirst,3.0,1.0,487.0,0.0,0.9984725050916496,0.9979633401221996,1.0,0.8561382947553445
Avro,23,87.18593120574951,0.3979689907282591,1.7241379246115685,ibk,oversampling,bestFirst,3.0,20.0,493.0,6.0,0.973190759329754,0.9501915708812261,0.6442495126705653,0.16685082872928264
Avro,1,1.1605647392570972,0.0,0.0,randomForest,undersampling,bestFirst,0.0,0.0,68.0,0.0,1.0,1.0,NaN,1.0
Avro,2,1.9741564989089966,0.0,0.0,randomForest,undersampling,bestFirst,0.0,0.0,415.0,0.0,1.0,1.0,NaN,1.0
Avro,3,6.939458847045898,0.0,0.0,randomForest,undersampling,bestFirst,0.0,0.0,158.0,0.0,1.0,1.0,NaN,1.0
Avro,4,8.829863369464874,0.0,0.0,randomForest,undersampling,bestFirst,0.0,0.0,160.0,0.0,1.0,1.0,NaN,1.0
Avro,5,10.74419692158699,0.0,0.0,randomForest,undersampling,bestFirst,0.0,0.0,171.0,0.0,1.0,1.0,NaN,1.0
Avro,6,12.790140509605408,0.0,0.0,randomForest,undersampling,bestFirst,0.0,0.0,241.0,0.0,1.0,1.0,NaN,1.0
Avro,7,15.673606097698212,0.0,0.0,randomForest,undersampling,bestFirst,0.0,0.0,239.0,0.0,1.0,1.0,NaN,1.0
Avro,8,18.533141911029816,0.0,0.37878789007663727,randomForest,undersampling,bestFirst,0.0,0.0,789.0,3.0,NaN,0.9962121212121212,0.5,0.0
Avro,9,28.009092807769775,0.1281503587961197,0.3717472078278661,randomForest,undersampling,bestFirst,1.0,2.0,266.0,0.0,0.9975216852540272,0.9925650557620818,0.9925373134328358,0.4971962616822417
Avro,10,31.22756779193878,0.15325670829042792,0.716845877468586,randomForest,undersampling,bestFirst,1.0,2.0,275.0,1.0,0.991623811750039,0.989247311827957,0.7490974729241877,0.3947939262472909
Avro,11,34.56568419933319,0.2076843287795782,0.6872852332890034,randomForest,undersampling,bestFirst,2.0,41.0,248.0,0.0,0.9934468153120753,0.8591065292096219,1.0,0.07676236168072424
Avro,12,38.0473792552948,0.2515723230317235,0.6872852332890034,randomForest,undersampling,bestFirst,2.0,0.0,289.0,0.0,1.0,1.0,1.0,1.0
Avro,13,41.52907431125641,0.2881014021113515,0.6369426846504211,randomForest,undersampling,bestFirst,2.0,305.0,7.0,0.0,0.9936720678852259,0.028662420382165606,1.0,2.922816760266405E-4
Avro,14,45.28595209121704,0.317040947265923,0.31847134232521057,randomForest,undersampling,bestFirst,1.0,8.0,305.0,0.0,0.9971691436659589,0.9745222929936306,0.9968051118210862,0.1953875720691852
Avro,15,49.04283285140991,0.31715051736682653,0.3174603218212724,randomForest,undersampling,bestFirst,1.0,310.0,4.0,0.0,0.9968356045526463,0.015873015873015872,1.0,8.191853201990475E-5
Avro,16,52.811676263809204,0.31717263627797365,0.31347961630672216,randomForest,undersampling,bestFirst,1.0,311.0,7.0,0.0,0.9968752511855961,0.02507836990595611,1.0,1.4109631839391934E-4
Avro,17,56.628382205963135,0.3169237170368433,0.5361930467188358,randomForest,undersampling,bestFirst,1.0,77.0,294.0,1.0,0.9913351579276058,0.7908847184986595,0.704177897574124,0.014697913844486302
Avro,18,61.09117269515991,0.3329416271299124,0.5319148767739534,randomForest,undersampling,bestFirst,2.0,53.0,321.0,0.0,0.9948742746615087,0.8590425531914894,0.9986631016042781,0.0605317744672825
Avro,19,65.58985114097595,0.3465888323262334,0.4739336669445038,randomForest,undersampling,bestFirst,2.0,412.0,8.0,0.0,0.9952835588524852,0.023696682464454975,0.9976190476190476,1.8401803376730854E-4
Avro,20,70.638906955719,0.35569106694310904,0.4662004765123129,randomForest,undersampling,bestFirst,2.0,41.0,386.0,0.0,0.995554832764135,0.9044289044289044,1.0,0.08069827000470446
Avro,21,75.77171325683594,0.3631770145148039,0.647948170080781,randomForest,undersampling,bestFirst,3.0,83.0,377.0,0.0,0.9937465467878849,0.8207343412526998,0.9807971014492755,0.05558968813742652
Avro,22,81.31132125854492,0.38257797714322805,0.6109979469329119,randomForest,undersampling,bestFirst,3.0,95.0,393.0,0.0,0.994077060559458,0.8065173116089613,0.9993169398907104,0.04811950288757843
Avro,23,87.18593120574951,0.3979689907282591,1.7241379246115685,randomForest,undersampling,bestFirst,9.0,492.0,21.0,0.0,0.9830683460664877,0.05747126436781609,0.7266623348494694,0.0014696619777451198
Avro,1,1.1605647392570972,0.0,0.0,naiveBayes,undersampling,bestFirst,0.0,0.0,68.0,0.0,1.0,1.0,NaN,1.0
Avro,2,1.9741564989089966,0.0,0.0,naiveBayes,undersampling,bestFirst,0.0,0.0,415.0,0.0,1.0,1.0,NaN,1.0
Avro,3,6.939458847045898,0.0,0.0,naiveBayes,undersampling,bestFirst,0.0,0.0,158.0,0.0,1.0,1.0,NaN,1.0
Avro,4,8.829863369464874,0.0,0.0,naiveBayes,undersampling,bestFirst,0.0,0.0,160.0,0.0,1.0,1.0,NaN,1.0
Avro,5,10.74419692158699,0.0,0.0,naiveBayes,undersampling,bestFirst,0.0,0.0,171.0,0.0,1.0,1.0,NaN,1.0
Avro,6,12.790140509605408,0.0,0.0,naiveBayes,undersampling,bestFirst,0.0,0.0,241.0,0.0,1.0,1.0,NaN,1.0
Avro,7,15.673606097698212,0.0,0.0,naiveBayes,undersampling,bestFirst,0.0,0.0,239.0,0.0,1.0,1.0,NaN,1.0
Avro,8,18.533141911029816,0.0,0.37878789007663727,naiveBayes,undersampling,bestFirst,0.0,0.0,789.0,3.0,NaN,0.9962121212121212,0.5,0.0
Avro,9,28.009092807769775,0.1281503587961197,0.3717472078278661,naiveBayes,undersampling,bestFirst,1.0,2.0,266.0,0.0,0.9975216852540272,0.9925650557620818,0.996268656716418,0.4971962616822417
Avro,10,31.22756779193878,0.15325670829042792,0.716845877468586,naiveBayes,undersampling,bestFirst,1.0,2.0,275.0,1.0,0.991623811750039,0.989247311827957,0.7490974729241877,0.3947939262472909
Avro,11,34.56568419933319,0.2076843287795782,0.6872852332890034,naiveBayes,undersampling,bestFirst,1.0,25.0,264.0,1.0,0.9896438386226365,0.9106529209621993,0.9548924481860666,0.05942317255096943
Avro,12,38.0473792552948,0.2515723230317235,0.6872852332890034,naiveBayes,undersampling,bestFirst,0.0,0.0,289.0,2.0,NaN,0.993127147766323,1.0,0.0
Avro,13,41.52907431125641,0.2881014021113515,0.6369426846504211,naiveBayes,undersampling,bestFirst,1.0,37.0,275.0,1.0,0.9901980789692314,0.8789808917197452,0.891025641025641,0.038362346872985086
Avro,14,45.28595209121704,0.317040947265923,0.31847134232521057,naiveBayes,undersampling,bestFirst,1.0,312.0,1.0,0.0,0.9968254614273214,0.006369426751592357,1.0,2.0414412575278474E-5
Avro,15,49.04283285140991,0.31715051736682653,0.3174603218212724,naiveBayes,undersampling,bestFirst,1.0,12.0,302.0,0.0,0.9970695970695971,0.9619047619047619,0.9617834394904459,0.13777372262773763
Avro,16,52.811676263809204,0.31717263627797365,0.31347961630672216,naiveBayes,undersampling,bestFirst,0.0,7.0,311.0,1.0,0.9936701229804678,0.9749216300940439,0.9779874213836478,-0.005516154452324185
Avro,17,56.628382205963135,0.3169237170368433,0.5361930467188358,naiveBayes,undersampling,bestFirst,1.0,57.0,314.0,1.0,0.9915729356054771,0.8445040214477212,0.6408355795148248,0.0232075130937329
Avro,18,61.09117269515991,0.3329416271299124,0.5319148767739534,naiveBayes,undersampling,bestFirst,2.0,360.0,14.0,0.0,0.994710238627013,0.042553191489361694,0.9973262032085561,4.135404974301381E-4
Avro,19,65.58985114097595,0.3465888323262334,0.4739336669445038,naiveBayes,undersampling,bestFirst,2.0,392.0,28.0,0.0,0.9952847210527581,0.07109004739336493,0.9988095238095237,6.765899864681978E-4
Avro,20,70.638906955719,0.35569106694310904,0.4662004765123129,naiveBayes,undersampling,bestFirst,2.0,15.0,412.0,0.0,0.9958864664747018,0.965034965034965,0.9988290398126464,0.20388469627613393
Avro,21,75.77171325683594,0.3631770145148039,0.647948170080781,naiveBayes,undersampling,bestFirst,2.0,41.0,419.0,1.0,0.9914563645539587,0.9092872570194385,0.9192028985507247,0.07576045627376438
Avro,22,81.31132125854492,0.38257797714322805,0.6109979469329119,naiveBayes,undersampling,bestFirst,3.0,71.0,417.0,0.0,0.9941377222436285,0.8553971486761711,0.9467213114754098,0.0669646441666892
Avro,23,87.18593120574951,0.3979689907282591,1.7241379246115685,naiveBayes,undersampling,bestFirst,7.0,492.0,21.0,2.0,0.8975432123617549,0.05363984674329502,0.5697422568767598,-0.006534110869107003
Avro,1,1.1605647392570972,0.0,0.0,ibk,undersampling,bestFirst,0.0,0.0,68.0,0.0,1.0,1.0,NaN,1.0
Avro,2,1.9741564989089966,0.0,0.0,ibk,undersampling,bestFirst,0.0,0.0,415.0,0.0,1.0,1.0,NaN,1.0
Avro,3,6.939458847045898,0.0,0.0,ibk,undersampling,bestFirst,0.0,0.0,158.0,0.0,1.0,1.0,NaN,1.0
Avro,4,8.829863369464874,0.0,0.0,ibk,undersampling,bestFirst,0.0,0.0,160.0,0.0,1.0,1.0,NaN,1.0
Avro,5,10.74419692158699,0.0,0.0,ibk,undersampling,bestFirst,0.0,0.0,171.0,0.0,1.0,1.0,NaN,1.0
Avro,6,12.790140509605408,0.0,0.0,ibk,undersampling,bestFirst,0.0,0.0,241.0,0.0,1.0,1.0,NaN,1.0
Avro,7,15.673606097698212,0.0,0.0,ibk,undersampling,bestFirst,0.0,0.0,239.0,0.0,1.0,1.0,NaN,1.0
Avro,8,18.533141911029816,0.0,0.37878789007663727,ibk,undersampling,bestFirst,0.0,0.0,789.0,3.0,NaN,0.9962121212121212,0.5,0.0
Avro,9,28.009092807769775,0.1281503587961197,0.3717472078278661,ibk,undersampling,bestFirst,1.0,2.0,266.0,0.0,0.9975216852540272,0.9925650557620818,0.996268656716418,0.4971962616822417
Avro,10,31.22756779193878,0.15325670829042792,0.716845877468586,ibk,undersampling,bestFirst,1.0,2.0,275.0,1.0,0.991623811750039,0.989247311827957,0.7490974729241877,0.3947939262472909
Avro,11,34.56568419933319,0.2076843287795782,0.6872852332890034,ibk,undersampling,bestFirst,2.0,34.0,255.0,0.0,0.9935089728904161,0.8831615120274914,0.9411764705882353,0.09345794392523366
Avro,12,38.0473792552948,0.2515723230317235,0.6872852332890034,ibk,undersampling,bestFirst,2.0,1.0,288.0,0.0,0.9977090492554409,0.9965635738831615,0.9982698961937716,0.798336798336799
Avro,13,41.52907431125641,0.2881014021113515,0.6369426846504211,ibk,undersampling,bestFirst,2.0,305.0,7.0,0.0,0.9936720678852259,0.028662420382165606,0.04647435897435897,2.922816760266405E-4
Avro,14,45.28595209121704,0.317040947265923,0.31847134232521057,ibk,undersampling,bestFirst,1.0,9.0,304.0,0.0,0.9971337579617835,0.9713375796178344,0.985623003194888,0.1770529994175899
Avro,15,49.04283285140991,0.31715051736682653,0.3174603218212724,ibk,undersampling,bestFirst,1.0,282.0,32.0,0.0,0.9968366145044589,0.10476190476190476,0.5509554140127388,7.199586023803658E-4
Avro,16,52.811676263809204,0.31717263627797365,0.31347961630672216,ibk,undersampling,bestFirst,1.0,310.0,8.0,0.0,0.996875283492425,0.02821316614420063,0.5125786163522013,1.6176976118739095E-4
Avro,17,56.628382205963135,0.3169237170368433,0.5361930467188358,ibk,undersampling,bestFirst,1.0,8.0,363.0,1.0,0.9925013175683417,0.9758713136729222,0.7459568733153638,0.17457585443815976
Avro,18,61.09117269515991,0.3329416271299124,0.5319148767739534,ibk,undersampling,bestFirst,2.0,13.0,361.0,0.0,0.9953900709219857,0.9654255319148937,0.9826203208556149,0.22804801010739134
Avro,19,65.58985114097595,0.3465888323262334,0.4739336669445038,ibk,undersampling,bestFirst,2.0,383.0,37.0,0.0,0.9952852834369422,0.0924170616113744,0.11666666666666667,9.148565282431051E-4
Avro,20,70.638906955719,0.35569106694310904,0.4662004765123129,ibk,undersampling,bestFirst,2.0,35.0,392.0,0.0,0.9955899955899956,0.9184149184149184,0.9590163934426229,0.0945546644153652
Avro,21,75.77171325683594,0.3631770145148039,0.647948170080781,ibk,undersampling,bestFirst,3.0,56.0,404.0,0.0,0.9938499835267415,0.8790496760259179,0.9391304347826087,0.08549661399548479
Avro,22,81.31132125854492,0.38257797714322805,0.6109979469329119,ibk,undersampling,bestFirst,3.0,95.0,393.0,0.0,0.994077060559458,0.8065173116089613,0.9016393442622951,0.04811950288757843
Avro,23,87.18593120574951,0.3979689907282591,1.7241379246115685,ibk,undersampling,bestFirst,5.0,52.0,461.0,4.0,0.9758171847862147,0.89272030651341,0.7396577864414122,0.12547119009154545
Avro,1,1.1605647392570972,0.0,0.0,randomForest,SMOTE,bestFirst,0.0,0.0,68.0,0.0,1.0,1.0,NaN,1.0
Avro,2,1.9741564989089966,0.0,0.0,randomForest,SMOTE,bestFirst,0.0,0.0,415.0,0.0,1.0,1.0,NaN,1.0
Avro,3,6.939458847045898,0.0,0.0,randomForest,SMOTE,bestFirst,0.0,0.0,158.0,0.0,1.0,1.0,NaN,1.0
Avro,4,8.829863369464874,0.0,0.0,randomForest,SMOTE,bestFirst,0.0,0.0,160.0,0.0,1.0,1.0,NaN,1.0
Avro,5,10.74419692158699,0.0,0.0,randomForest,SMOTE,bestFirst,0.0,0.0,171.0,0.0,1.0,1.0,NaN,1.0
Avro,6,12.790140509605408,0.0,0.0,randomForest,SMOTE,bestFirst,0.0,0.0,241.0,0.0,1.0,1.0,NaN,1.0
Avro,7,15.673606097698212,0.0,0.0,randomForest,SMOTE,bestFirst,0.0,0.0,239.0,0.0,1.0,1.0,NaN,1.0
Avro,8,18.533141911029816,0.0,0.37878789007663727,randomForest,SMOTE,bestFirst,0.0,0.0,789.0,3.0,NaN,0.9962121212121212,0.5,0.0
Avro,9,28.009092807769775,0.1281503587961197,0.3717472078278661,randomForest,SMOTE,bestFirst,1.0,2.0,266.0,0.0,0.9975216852540272,0.9925650557620818,1.0,0.4971962616822417
Avro,10,31.22756779193878,0.15325670829042792,0.716845877468586,randomForest,SMOTE,bestFirst,1.0,0.0,277.0,1.0,0.9964286635207963,0.996415770609319,0.9882671480144405,0.6650660264105596
Avro,11,34.56568419933319,0.2076843287795782,0.6872852332890034,randomForest,SMOTE,bestFirst,2.0,0.0,289.0,0.0,1.0,1.0,1.0,1.0
Avro,12,38.0473792552948,0.2515723230317235,0.6872852332890034,randomForest,SMOTE,bestFirst,1.0,0.0,289.0,1.0,0.996575423628392,0.9965635738831615,1.0,0.6651323360184114
Avro,13,41.52907431125641,0.2881014021113515,0.6369426846504211,randomForest,SMOTE,bestFirst,2.0,0.0,312.0,0.0,1.0,1.0,1.0,1.0
Avro,14,45.28595209121704,0.317040947265923,0.31847134232521057,randomForest,SMOTE,bestFirst,1.0,1.0,312.0,0.0,0.9984076433121019,0.9968152866242038,1.0,0.6652452025586342
Avro,15,49.04283285140991,0.31715051736682653,0.3174603218212724,randomForest,SMOTE,bestFirst,1.0,0.0,314.0,0.0,1.0,1.0,1.0,1.0
Avro,16,52.811676263809204,0.31717263627797365,0.31347961630672216,randomForest,SMOTE,bestFirst,1.0,0.0,318.0,0.0,1.0,1.0,1.0,1.0
Avro,17,56.628382205963135,0.3169237170368433,0.5361930467188358,randomForest,SMOTE,bestFirst,1.0,0.0,371.0,1.0,0.9973262417481046,0.9973190348525469,0.6522911051212938,0.6654708520179381
Avro,18,61.09117269515991,0.3329416271299124,0.5319148767739534,randomForest,SMOTE,bestFirst,2.0,0.0,374.0,0.0,1.0,1.0,1.0,1.0
Avro,19,65.58985114097595,0.3465888323262334,0.4739336669445038,randomForest,SMOTE,bestFirst,2.0,0.0,420.0,0.0,1.0,1.0,1.0,1.0
Avro,20,70.638906955719,0.35569106694310904,0.4662004765123129,randomForest,SMOTE,bestFirst,2.0,0.0,427.0,0.0,1.0,1.0,1.0,1.0
Avro,21,75.77171325683594,0.3631770145148039,0.647948170080781,randomForest,SMOTE,bestFirst,2.0,0.0,460.0,1.0,0.9978448578777472,0.9978401727861771,0.9884057971014493,0.7989578810247498
Avro,22,81.31132125854492,0.38257797714322805,0.6109979469329119,randomForest,SMOTE,bestFirst,2.0,0.0,488.0,1.0,0.997967505070825,0.9979633401221996,1.0,0.7990176013098623
Avro,23,87.18593120574951,0.3979689907282591,1.7241379246115685,randomForest,SMOTE,bestFirst,3.0,0.0,513.0,6.0,0.9886386286625475,0.9885057471264368,0.5828460038986355,0.49565217391304495
Avro,1,1.1605647392570972,0.0,0.0,naiveBayes,SMOTE,bestFirst,0.0,0.0,68.0,0.0,1.0,1.0,NaN,1.0
Avro,2,1.9741564989089966,0.0,0.0,naiveBayes,SMOTE,bestFirst,0.0,0.0,415.0,0.0,1.0,1.0,NaN,1.0
Avro,3,6.939458847045898,0.0,0.0,naiveBayes,SMOTE,bestFirst,0.0,0.0,158.0,0.0,1.0,1.0,NaN,1.0
Avro,4,8.829863369464874,0.0,0.0,naiveBayes,SMOTE,bestFirst,0.0,0.0,160.0,0.0,1.0,1.0,NaN,1.0
Avro,5,10.74419692158699,0.0,0.0,naiveBayes,SMOTE,bestFirst,0.0,0.0,171.0,0.0,1.0,1.0,NaN,1.0
Avro,6,12.790140509605408,0.0,0.0,naiveBayes,SMOTE,bestFirst,0.0,0.0,241.0,0.0,1.0,1.0,NaN,1.0
Avro,7,15.673606097698212,0.0,0.0,naiveBayes,SMOTE,bestFirst,0.0,0.0,239.0,0.0,1.0,1.0,NaN,1.0
Avro,8,18.533141911029816,0.0,0.37878789007663727,naiveBayes,SMOTE,bestFirst,0.0,0.0,789.0,3.0,NaN,0.9962121212121212,0.5,0.0
Avro,9,28.009092807769775,0.1281503587961197,0.3717472078278661,naiveBayes,SMOTE,bestFirst,0.0,0.0,268.0,1.0,NaN,0.9962825278810409,1.0,0.0
Avro,10,31.22756779193878,0.15325670829042792,0.716845877468586,naiveBayes,SMOTE,bestFirst,0.0,0.0,277.0,2.0,NaN,0.992831541218638,0.990072202166065,0.0
Avro,11,34.56568419933319,0.2076843287795782,0.6872852332890034,naiveBayes,SMOTE,bestFirst,0.0,5.0,284.0,2.0,0.9861822026770479,0.9759450171821306,0.9515570934256056,-0.009915716410509546
Avro,12,38.0473792552948,0.2515723230317235,0.6872852332890034,naiveBayes,SMOTE,bestFirst,0.0,0.0,289.0,2.0,NaN,0.993127147766323,1.0,0.0
Avro,13,41.52907431125641,0.2881014021113515,0.6369426846504211,naiveBayes,SMOTE,bestFirst,0.0,4.0,308.0,2.0,0.9872200534209986,0.9808917197452229,0.9663461538461539,-0.008565310492506972
Avro,14,45.28595209121704,0.317040947265923,0.31847134232521057,naiveBayes,SMOTE,bestFirst,0.0,0.0,313.0,1.0,NaN,0.9968152866242038,1.0,0.0
Avro,15,49.04283285140991,0.31715051736682653,0.3174603218212724,naiveBayes,SMOTE,bestFirst,0.0,0.0,314.0,1.0,NaN,0.9968253968253968,1.0,0.0
Avro,16,52.811676263809204,0.31717263627797365,0.31347961630672216,naiveBayes,SMOTE,bestFirst,0.0,0.0,318.0,1.0,NaN,0.9968652037617555,1.0,0.0
Avro,17,56.628382205963135,0.3169237170368433,0.5361930467188358,naiveBayes,SMOTE,bestFirst,1.0,0.0,371.0,1.0,0.9973262417481046,0.9973190348525469,0.9090296495956873,0.6654708520179381
Avro,18,61.09117269515991,0.3329416271299124,0.5319148767739534,naiveBayes,SMOTE,bestFirst,1.0,0.0,374.0,1.0,0.9973475177304963,0.9973404255319149,0.9197860962566844,0.6654804270462703
Avro,19,65.58985114097595,0.3465888323262334,0.4739336669445038,naiveBayes,SMOTE,bestFirst,1.0,0.0,420.0,1.0,0.9976359604192231,0.9976303317535545,0.9714285714285714,0.6656101426307499
Avro,20,70.638906955719,0.35569106694310904,0.4662004765123129,naiveBayes,SMOTE,bestFirst,1.0,0.0,427.0,1.0,0.9976744439361261,0.9976689976689976,0.9882903981264637,0.6656274356975789
Avro,21,75.77171325683594,0.3631770145148039,0.647948170080781,naiveBayes,SMOTE,bestFirst,1.0,0.0,460.0,2.0,0.9956990453750713,0.9956803455723542,0.9978354775096253,0.4983748645720469
Avro,22,81.31132125854492,0.38257797714322805,0.6109979469329119,naiveBayes,SMOTE,bestFirst,1.0,0.0,488.0,2.0,0.99594330603932,0.9959266802443992,1.0,0.49846782431052716
Avro,23,87.18593120574951,0.3979689907282591,1.7241379246115685,naiveBayes,SMOTE,bestFirst,1.0,0.0,513.0,8.0,0.984909656496128,0.9846743295019157,0.50454840805718,0.19723183391003205
Avro,1,1.1605647392570972,0.0,0.0,ibk,SMOTE,bestFirst,0.0,0.0,68.0,0.0,1.0,1.0,NaN,1.0
Avro,2,1.9741564989089966,0.0,0.0,ibk,SMOTE,bestFirst,0.0,0.0,415.0,0.0,1.0,1.0,NaN,1.0
Avro,3,6.939458847045898,0.0,0.0,ibk,SMOTE,bestFirst,0.0,0.0,158.0,0.0,1.0,1.0,NaN,1.0
Avro,4,8.829863369464874,0.0,0.0,ibk,SMOTE,bestFirst,0.0,0.0,160.0,0.0,1.0,1.0,NaN,1.0
Avro,5,10.74419692158699,0.0,0.0,ibk,SMOTE,bestFirst,0.0,0.0,171.0,0.0,1.0,1.0,NaN,1.0
Avro,6,12.790140509605408,0.0,0.0,ibk,SMOTE,bestFirst,0.0,0.0,241.0,0.0,1.0,1.0,NaN,1.0
Avro,7,15.673606097698212,0.0,0.0,ibk,SMOTE,bestFirst,0.0,0.0,239.0,0.0,1.0,1.0,NaN,1.0
Avro,8,18.533141911029816,0.0,0.37878789007663727,ibk,SMOTE,bestFirst,0.0,0.0,789.0,3.0,NaN,0.9962121212121212,0.5,0.0
Avro,9,28.009092807769775,0.1281503587961197,0.3717472078278661,ibk,SMOTE,bestFirst,1.0,2.0,266.0,0.0,0.9975216852540272,0.9925650557620818,1.0,0.4971962616822417
Avro,10,31.22756779193878,0.15325670829042792,0.716845877468586,ibk,SMOTE,bestFirst,1.0,0.0,277.0,1.0,0.9964286635207963,0.996415770609319,0.9882671480144405,0.6650660264105596
Avro,11,34.56568419933319,0.2076843287795782,0.6872852332890034,ibk,SMOTE,bestFirst,2.0,1.0,288.0,0.0,0.9977090492554409,0.9965635738831615,0.9982698961937716,0.798336798336799
Avro,12,38.0473792552948,0.2515723230317235,0.6872852332890034,ibk,SMOTE,bestFirst,2.0,0.0,289.0,0.0,1.0,1.0,1.0,1.0
Avro,13,41.52907431125641,0.2881014021113515,0.6369426846504211,ibk,SMOTE,bestFirst,2.0,2.0,310.0,0.0,0.9968152866242038,0.9936305732484076,0.9967948717948717,0.6638115631691643
Avro,14,45.28595209121704,0.317040947265923,0.31847134232521057,ibk,SMOTE,bestFirst,1.0,1.0,312.0,0.0,0.9984076433121019,0.9968152866242038,0.9984025559105432,0.6652452025586342
Avro,15,49.04283285140991,0.31715051736682653,0.3174603218212724,ibk,SMOTE,bestFirst,1.0,0.0,314.0,0.0,1.0,1.0,1.0,1.0
Avro,16,52.811676263809204,0.31717263627797365,0.31347961630672216,ibk,SMOTE,bestFirst,1.0,0.0,318.0,0.0,1.0,1.0,1.0,1.0
Avro,17,56.628382205963135,0.3169237170368433,0.5361930467188358,ibk,SMOTE,bestFirst,1.0,0.0,371.0,1.0,0.9973262417481046,0.9973190348525469,0.7526954177897575,0.6654708520179381
Avro,18,61.09117269515991,0.3329416271299124,0.5319148767739534,ibk,SMOTE,bestFirst,2.0,0.0,374.0,0.0,1.0,1.0,1.0,1.0
Avro,19,65.58985114097595,0.3465888323262334,0.4739336669445038,ibk,SMOTE,bestFirst,2.0,0.0,420.0,0.0,1.0,1.0,1.0,1.0
Avro,20,70.638906955719,0.35569106694310904,0.4662004765123129,ibk,SMOTE,bestFirst,2.0,0.0,427.0,0.0,1.0,1.0,1.0,1.0
Avro,21,75.77171325683594,0.3631770145148039,0.647948170080781,ibk,SMOTE,bestFirst,2.0,0.0,460.0,1.0,0.9978448578777472,0.9978401727861771,0.832608695652174,0.7989578810247498
Avro,22,81.31132125854492,0.38257797714322805,0.6109979469329119,ibk,SMOTE,bestFirst,3.0,0.0,488.0,0.0,1.0,1.0,1.0,1.0
Avro,23,87.18593120574951,0.3979689907282591,1.7241379246115685,ibk,SMOTE,bestFirst,3.0,0.0,513.0,6.0,0.9886386286625475,0.9885057471264368,0.6679662118258609,0.49565217391304495
